gene_0,gene_1,gene_2,gene_3,gene_4,gene_5,gene_6,gene_7,gene_8,gene_9,gene_10,gene_11,gene_12,gene_13,gene_14,gene_15,gene_16,gene_17,gene_18,gene_19
-80.7212297466,-202.009887966,-35.9343612341,36.2379856891,81.7013339014,-5.17962732309,6.14613897499,3.81191378097,4.22951674923,-50.3909292537,-36.1874277775,-17.5555172614,-5.22445274407,76.6496183798,-19.3562447273,16.9228601238,-21.4895451849,-6.95423819306,32.4634616346,29.2656691488
-66.1369722103,-10.5981021231,-21.9147564956,-4.99271570025,90.4660989407,-33.6700423138,9.6533549984,11.979532132,-0.679579420631,98.6810285084,-108.763225075,-18.5433863342,51.8328695422,-96.1079435235,-20.9261058089,-12.0595324499,-7.29683034243,-26.0574203491,13.374440209,-50.763806036
-64.2626254186,69.5273560379,-12.6790368441,-31.4508492295,-78.9296248096,15.9774712886,11.7742281972,14.5307286545,4.29000724711,41.7835449726,-39.8871845159,75.7817378499,-19.9636290217,-42.9567009061,-39.5656342633,-7.56718373463,-4.37396961433,20.8824897355,106.956823587,-81.8981231554
34.1690801666,-127.381939288,3.92887431181,-3.5740528399,114.216572652,10.2873431954,0.370467917882,-1.54678516186,2.60175469004,-45.1526370716,24.718842578,-17.2973394201,41.0450388395,73.4341871798,-12.6225436447,-9.441501604,-15.2379028279,7.56300924963,49.7366943423,29.2805282224
-128.762433306,-1.11886846161,-1.95937473302,-19.3200041318,72.869012156,-18.2946604027,13.8019467175,-3.8372078957,-3.32720907864,111.081155768,-52.8842433137,-86.1038178165,35.8232935946,-70.5709122845,-7.13863036498,-9.71308660717,-41.92634312,0.861086705433,58.4763133914,-2.93586585388
51.3261363205,3.0270633993,-0.604936364517,-16.3570173492,-46.5282107514,43.3070112387,3.53866379956,-11.83786379,-1.05877544014,-26.8120701346,-44.3401214323,-175.372617637,-45.7458182881,126.488010295,-4.18726058233,-27.5217051001,-13.3922187246,13.5399564856,77.9601434892,4.37060104003
-41.4665280449,30.1884161763,-47.3203184641,-28.9795828466,96.4118866914,0.311254861524,-5.62388287654,18.8252817432,3.40944400197,-82.337165525,-14.3485106381,11.5405804575,-63.3612453399,-96.6317436166,100.759977606,13.7269942486,9.60856048697,-2.21646512457,32.1465111153,-25.5712928194
-94.088873462,47.6923415643,-7.30414391952,52.7662147064,44.4881785589,-19.8889349269,-22.4352262468,-0.159864531796,3.4598133681,-65.5899263457,-44.597791202,-53.8414303304,-39.773083636,-55.4712558272,-52.6955711368,-18.101603644,-3.92107745482,10.2371366361,-54.0576496438,-17.9811413873
-39.6689645463,17.4667284426,-28.9779239473,-63.9295741385,-22.6026659932,-73.7675632666,19.9672508507,2.6085049356,11.4377444582,-61.3603126317,-1.6521878148,-68.3564809646,7.57958935326,8.11114694556,175.475091614,-13.0004297,-3.06274222607,4.43178864978,-54.1574653353,-46.5498286742
-172.719766617,-62.53548171,-6.41779302071,-8.41963767186,64.2787996701,-28.1903539252,4.89288313922,9.78956302809,-4.5106085381,-44.8863630635,7.73449675217,-12.3442138269,-73.3415456725,-0.0306176753641,43.5139578536,-11.5231319043,5.42874811683,-2.98024520106,61.1223890443,-20.62542996
45.8766142662,57.9413419322,-7.20249189853,-37.0213196101,-11.1245555082,-0.849997602233,8.19863830797,-4.94367059882,5.31032249808,-0.0841318606403,8.90074310476,-118.027882706,-21.8994896123,3.865717394,-1.71159585294,2.58934859939,-17.5223910259,-16.0368063084,63.9222169,3.65100593338
-92.3558085679,-79.4709813231,-12.7319416997,43.8821789195,116.576733455,3.93674559472,8.51010040771,3.71050643768,4.31599554204,-7.7514711223,-44.4904159159,-45.7541578102,76.933926722,-67.0145625754,-69.6447240767,-28.9784408941,6.33254557206,-4.4159562002,69.0863748291,-26.3055174472
-1.99206215648,-62.7981868578,-20.7626627665,-68.8155368683,5.71309751058,-13.4874406614,19.3118510848,17.1031061524,4.63976590953,20.2532031856,-72.3146547147,-8.79072537266,-18.5351844817,-29.171376186,-6.36896871677,-3.74127607937,-41.7815481213,10.1485404868,90.5134670832,-24.685375779
71.034561845,43.5700783332,7.67709510316,40.993812069,63.8594575816,-24.6482917339,3.52998400393,10.2276737594,-1.75606070385,-116.090064431,-20.4866545004,-144.757964375,4.58907253354,-45.0164588911,90.647078738,-10.8525588664,-8.40959037165,-14.632496429,-3.31931964549,-36.4514614891
-51.7935070265,-62.6201131656,5.75163093911,36.6360851866,5.11910771462,7.75321139693,-18.8825801377,-3.62237658123,-5.96293580121,-77.6464397076,-52.599536565,-36.5505131261,14.4655482455,14.0995251008,39.7990300137,-13.6347122299,-25.5703284758,-3.95287097545,45.3811006377,-32.7596786426
-84.7389328287,-12.5141284596,-46.8674755556,40.592806921,-137.28191552,19.4691149493,-13.6723349489,9.85533170707,5.49773791801,-65.9284517067,-65.4484879004,-15.9224793339,-2.88585947049,119.281724363,16.696203109,-5.28255047664,7.73170260911,2.09372739286,-1.44082803004,65.6598506128
12.118687644,-47.718177928,-22.0749838291,63.801839938,108.183445108,-74.8375513639,8.38772056725,15.5657600994,1.29568828186,-35.0757195321,-74.1831951257,-55.7670166411,17.544096591,44.5666227708,-55.4135365694,-25.5357683947,-20.6914872973,-10.7679154873,79.3561631823,-57.2718829533
108.042767137,38.4150903629,5.08456951461,-56.0633947645,-110.951231491,-50.3287493557,30.2444760868,3.93790151984,2.72242415253,7.71424667949,-27.0980752341,-47.7896795716,36.8817125958,-48.9920215017,7.77343544015,-19.4336199934,-5.43357257912,-12.173080255,37.406464405,-23.6426026232
72.9314662495,-1.40766616456,-28.6553481951,56.5573128468,5.28232924025,-74.2168479972,26.3222258446,4.73779165888,0.446655464755,25.7749831374,24.2709313241,-35.7668684706,-24.6991719256,-63.9546575523,-98.8584767695,-2.79878548587,-6.8654214527,-11.3376985009,44.094932179,-14.2277954613
65.1940691536,-33.3526989674,-18.39153962,72.0284677305,88.2457639584,-3.20514666374,14.054219835,5.36013779659,3.37407350051,44.1094560019,-36.9967947362,-12.125487789,-109.03132826,7.38611510381,-17.1104351224,-7.25962766454,-4.13734415194,1.16925936383,66.4705619229,17.4517779186
-115.963480892,-30.0417510238,-5.61703687997,-52.062756364,33.190476039,67.5067717903,-12.9485897875,5.90895014433,3.12430172773,-33.1524331429,30.0756696529,-29.22661707,40.9137184675,36.8609034539,76.8054059182,3.06763473634,-33.6971846969,-15.1481020413,94.5037214896,3.68314239932
-52.8579784604,-116.826274247,2.02046356049,33.0510827459,151.609735605,-17.5337248391,28.2458508545,7.27797740445,-4.30154110415,48.5129251636,-37.9636598641,-13.0162182436,-11.2103685376,125.116837214,13.9826961924,-16.8536956427,-48.1642143291,-1.3841330682,52.2224432398,13.5966329545
18.5599059656,88.4355346895,-19.7169384624,5.61766134738,52.3241717747,32.9367016382,-38.4462273782,16.0573851083,-5.2848060317,20.4847681719,-79.7683600992,-102.997107019,-28.1507571333,-8.44428172784,-34.0048367068,2.53257747861,15.5543188716,0.951974737145,85.1718060811,-72.1082298151
66.8433497329,160.10310267,-3.79203171933,13.3918187935,154.219276109,-16.8187052744,-1.86866752991,8.30758121171,-5.89655698341,24.8590916043,-5.8844197395,-25.751091332,-6.92130722041,6.11069300086,-10.2315081083,15.0497978999,24.709537722,4.55712847506,16.5359446936,54.176649689
15.4116082249,-78.3271459623,-13.2613904994,42.6568436561,130.373135227,11.2821866068,2.52215243048,6.06294893636,-2.63673148269,-57.1671334403,-134.633645788,21.5281025759,-30.7267631142,12.2031159042,-63.0077493564,-0.126767688419,-33.1241370047,-11.4278354691,24.4821613096,-24.577876907
65.85817926,31.586751683,-13.9198671985,-22.3401444806,45.285826581,-60.4154648422,14.8000750463,17.4077438718,-4.08436074936,17.910929239,18.3511827396,-123.286494744,-21.8341076082,-32.3989617559,-46.3155324298,-21.547506554,21.5515191873,-21.2454561001,-0.782909711596,-34.441424442
-17.0733878363,-85.271793424,-12.5294659134,37.9153651502,83.3277182323,-68.967074964,0.469166015723,14.8134794665,6.37413095754,-20.2054653292,-49.8720787069,-105.426423711,45.9482431953,82.5178194328,-22.7250236987,0.363885613516,-59.5898396241,-2.08988136885,56.1949688395,-14.1346008804
20.4274428501,-18.7018135918,-5.95527729253,-34.1999234987,36.5222331211,24.5255412171,-0.849403867222,11.1925358807,2.38367629949,25.0445947162,-12.5274611597,-41.2935318646,-39.7363706662,29.0161493191,65.1264198157,-35.1208890052,7.57278067859,-21.8885046154,-53.1712578076,4.16942025125
-201.752453019,-70.6819694458,21.0476189222,2.12988094447,36.8099835182,-11.3564964747,6.21088257126,7.15827948366,5.94652988552,-17.7485579425,-67.2188358725,-70.1086780626,-123.906402331,58.4954331241,-18.3609153703,-0.638561600142,-8.37474241177,6.25423005257,29.6680676897,24.2610390949
-124.202876287,-61.6977421836,-17.8273209427,28.8874645945,76.8454347439,-24.0200977246,6.7656443962,2.64299533435,-0.822147615263,25.8166017432,-64.0473805709,-87.4182145994,-23.2260251904,45.0065870364,-48.1371447489,-4.0201154922,-29.9086638124,-13.2894880511,40.441558914,-59.2635520074
-129.96240298,-48.627021395,-37.3390037201,5.95840950478,71.7910761415,-53.0744815334,8.46123129947,2.00068390442,-4.79334969803,-69.2644989103,24.9103970505,-178.426344933,-127.196181004,53.2275239549,-35.0183435293,-8.7185166817,19.3183053422,-11.7507076323,43.9233693299,53.8087289428
21.7124371833,-25.5659253333,-10.669573002,87.9529938124,98.5090595084,33.9200090079,25.987954052,-1.94263401031,-12.1928898925,-27.8901624159,-9.39441463198,-36.0918642217,34.2481451106,-57.3671063643,83.2353984052,-4.09721563107,41.613814816,-23.5032945018,33.5836989371,-87.1547993652
52.2972181825,-13.7613233754,-32.926570905,-25.2038385067,121.610064483,-42.3411692115,-8.74110761113,7.30191028093,2.03372448827,-99.6261479414,16.6806163348,-8.64274823446,-91.6842503941,-183.730116668,-20.6467140962,15.5997219338,26.2887825383,7.54634668696,-4.81378538349,-30.1109137653
201.903341714,102.776526214,-2.93224833746,33.2856584936,136.400299905,-72.7808069904,0.768785468011,6.22525333837,13.9365857969,17.111389402,-22.9369387815,-9.06804909166,-38.0709016656,40.8922146213,-55.1595034082,1.81670476438,22.2550411178,-5.66134953325,27.7065136669,-17.4430551455
135.631640896,58.3703073844,0.409880605886,-26.8467078904,35.1011631886,-16.3995863599,11.0744044942,16.543657638,2.37778803576,-55.4688245472,-25.1728355676,-18.9024688906,-84.714116301,-62.5659458121,-130.271911918,-26.670571111,-21.5127578929,4.92162336556,39.1746617523,35.2911990907
-16.0014061867,-69.4191347692,-18.5728705227,30.2923717576,35.3212810593,13.6174311211,-2.22979140643,3.76865916999,1.50973542092,-47.0787125613,-0.180174858041,5.91971986168,6.27237316052,-56.3513020856,11.8074465414,-17.5889293293,-27.2055938947,-16.5390234054,33.6619340706,36.2152331062
-4.8672136507,-87.087528742,-18.5966990984,89.6633054759,108.569526619,-10.9006425577,9.7040607075,2.07226297462,-9.21595108523,58.6225066716,3.71933783869,65.9132003453,-145.879263925,30.4521816848,89.5610489085,14.3889413582,-8.57002756731,-20.4351504285,-31.6571115677,-23.8886293295
98.7868608422,-126.671694252,9.09165633345,-16.9175673874,129.55706427,-39.3333370656,31.4761808772,13.5097458641,-5.65447334269,12.3940422853,14.953691157,55.4736341743,-43.4114550283,-162.967862694,-101.919184157,1.31067409732,-24.2440812,-10.6374634848,-21.5141386597,-15.3040675335
-121.505677048,-5.98606203534,-7.85791272801,28.9505821908,50.7669654435,-0.544655957317,17.1056446854,3.13924310048,3.3942398623,-55.5777911779,-113.065010278,-127.236941392,-42.416002753,-79.4811195371,-1.77882631086,-8.43764818963,27.0046944096,10.6705511865,34.9739836557,6.72880493658
-12.1078081647,31.3716574106,-4.59440888942,-28.7185097332,144.684987487,-60.2953811243,20.7965604738,1.97705045477,0.287351909152,-51.8188305753,-46.0327286169,-51.0789991333,-65.0696686821,101.290051975,-8.08631225199,-9.33224165827,22.2093379774,-1.63234463188,71.7954567246,20.5692347402
32.7498968936,-37.9576458886,-11.0937886024,27.8876702303,-35.2784462763,4.71893116886,31.2961499926,10.1367045762,-5.52301290547,-42.3174588841,-78.6253711976,-1.50753122169,-81.3420387254,-67.0675427992,-107.046728855,-1.18694800712,-0.4898360934,-2.50616018671,82.9063765183,33.110165492
-129.992104504,-64.8283010542,-9.33513851375,59.1798320101,30.4654726298,-38.9953168062,-6.05761928312,13.6562992435,9.72787818908,-3.53441627338,-119.504845672,-104.29478071,7.81619989704,49.6288258075,54.1814858873,-3.69746134543,-6.05613585693,-17.9555293484,10.8710831691,-24.0043261162
104.798860598,-60.0100685113,13.8135088521,38.4315843243,102.254413338,-40.6015841873,1.10467670223,12.3199441705,0.131314651568,2.85162172816,-65.6005329399,-131.412189131,-64.1969006694,-26.3831219937,-92.9261550553,-26.0186848223,-8.63316413223,-2.78283576938,36.6807047636,0.447937896834
45.049674965,-16.8919082655,0.629648256821,116.272703745,148.892454468,-34.7726205919,1.31224642416,-9.23346562189,-3.2755848507,-32.5945742656,-5.05917512095,-68.82045319,-38.1886317309,-41.1713348916,-59.0111875166,-3.12869250721,8.09805523629,-9.59892208787,32.1528076277,-14.5510871591
-20.4436065668,66.4806265821,-26.2591752714,72.0065554014,62.1449683609,16.0438300644,-3.71048415945,5.02150317502,8.41454246486,63.8013879611,30.3682195264,-88.1762863829,81.2292997806,-111.180271068,-39.1119313558,0.81895995649,-18.6557576009,-11.7751351675,51.3436578643,-0.541538533556
41.4151713815,-93.797209385,12.9027757142,1.11962190379,131.039033599,-17.605677908,9.19631280563,14.5425128569,-6.05121062001,24.8163640985,-32.7002208292,50.0126298763,-61.1935415555,-32.2315681873,-0.765759951803,-7.3059737597,4.86812053709,18.3909692015,-13.0550863293,-61.5271336403
151.392962431,-45.1459202719,-25.1301857559,24.5333883925,-110.650518365,-15.6923415654,0.263143386607,4.49469374539,-5.82499444962,-3.16515936895,-29.5673255894,-56.4000983626,-72.0913122407,-27.3773742597,-81.3196754824,-0.501573371332,-14.7273341488,-9.01690310684,90.417845127,-51.8232754168
13.5912441202,4.32224952508,-17.621672701,18.4081101588,37.4576921203,-10.6010315737,-6.93749522694,13.6534658611,13.9828357002,61.9270002415,45.3406337,20.8127043417,-90.4547809055,-44.962063196,-31.1903918151,-20.4309217504,-13.9847916787,6.80385543617,141.052460525,-80.5954347952
34.7080320444,34.9968095965,4.82033850059,97.2022987725,-44.5349125014,-1.61593929578,15.3275721761,13.5270086559,4.09567671834,-46.9004233473,8.04432214667,-44.7255542109,15.6003139474,26.6522048582,-26.6270958841,-29.1981956699,7.61046477834,6.15070135994,83.7135763116,36.7878441396
81.7687126396,-92.2704171867,-4.43726571866,27.6280984927,16.6871692974,-14.5436207397,6.85764101901,1.74511025709,2.28607839623,-45.71352012,-28.4744567607,-42.7472670585,-50.1208402126,-66.4283429679,3.41959120392,-8.82674625028,24.2533657699,-24.4963766223,-27.7136718053,-26.3828522713
56.8740515094,8.47112809526,-12.6851821249,62.9654079617,-19.3743597785,-0.370397200358,-1.51822088293,8.40092225838,-5.81127562106,-20.0863322242,9.21333706686,-104.959805948,-70.9361387081,-131.794190631,-22.2828777792,-20.2225432404,15.579445522,-10.6645430747,63.2914350622,-6.64253412356
40.9021627483,-28.6913576068,5.91613301678,-21.0136097389,-53.2952000027,46.3278936472,-14.202231319,-5.54268950051,13.037010731,-35.4089710701,-2.59312150614,-55.4963615747,-25.0150199022,-19.225981727,-25.3905628244,11.8558569485,-44.1146009627,-8.33095527676,52.0243097796,-87.4890051794
150.087016462,-89.9968992774,-25.4910616343,65.1789471752,42.5418022902,20.0167747958,6.26728744614,11.2548340633,-3.03436211074,13.0483405449,-4.85536580919,-91.2556200134,-94.5912489384,-92.0502843642,-20.0167247012,-1.29327982603,-21.1929348592,-11.5682980704,52.5681766636,-59.3558007579
37.9911902349,124.132316249,-19.1297462849,-6.48596806789,62.5544682728,-37.2006137491,-3.69338286087,4.43799019673,-0.172295309643,31.7306361694,-99.9221803034,-63.6246967368,-8.37880175407,-5.69162056588,-55.4816766911,-34.4896661007,-16.1533467521,-35.4832464688,62.7319204237,-8.74087578117
-85.543922254,45.361138294,-16.5962993843,50.0623282409,16.437250107,48.1771591496,2.07087259412,4.05420311304,13.5670769066,30.4094659041,-69.1747081004,-41.3001524929,-79.859066921,-16.9925409846,-141.576989678,-13.620382859,26.27635024,12.1619194795,-27.9050699884,-58.1922224785
-90.5976920229,77.4835968835,4.03694324683,27.693627008,142.074375791,-1.44144687443,-2.76592466751,5.32343226675,15.518688082,13.3324376781,-58.2446878731,-27.0299107995,-0.191062798346,-51.7514161323,17.3662240064,6.89564272497,-21.2309309961,4.8393559629,-1.57057617884,-25.0388304086
-7.98354120921,26.3199388764,-11.9834566601,-7.69975950565,54.5794490424,3.80558757439,23.43768836,15.2287775447,6.38521800412,93.0909921248,-24.8533228865,48.7142105978,19.9674648037,16.8710166595,11.8800498995,-15.3074305542,-22.8100530089,-11.4870563759,20.7472803505,-5.54208807453
127.516213356,-141.134072832,3.15925431738,-40.3299987421,10.8089854236,30.8501582175,-16.9144719594,2.34172608911,0.745809206211,45.7467667499,-45.3911305131,-119.482127314,-23.2135506167,46.740756115,17.4578952566,-28.7337550048,-9.49080489642,-8.08795724139,-33.5544154277,-0.164646623065
-186.581364489,-69.4371296321,15.3080299023,-30.7842615526,-78.5058335989,-76.9309011118,-27.6875394815,8.78990648267,10.7600598023,-5.81683763296,-4.77479437131,-103.878595753,-72.0705259627,-20.1329519797,5.5909011697,-7.5520108987,1.329798372,-4.9145479937,-1.86106045002,-2.17034310289
89.1155787043,-61.453096799,-4.73010101022,-4.24712567224,123.796284919,-36.9307663782,-7.70763214085,11.160762454,9.38413282351,-54.2982960972,-6.27805725808,-78.4218186752,121.06725252,19.3653801417,-79.6661261428,20.5388718893,-37.2141661788,-9.6674949685,26.3668861634,-6.11815158241
-38.4725516788,-1.91943989444,17.2640445432,27.5706129573,51.3406802257,-2.46826463247,23.1302778778,14.6020720588,0.95089447416,-37.0387833094,7.46333358047,-158.463802177,43.7314190778,25.1338380413,-80.3313187375,-17.8996116021,15.9232060582,-10.1822049187,78.5825793525,-13.3474788354
7.41596944169,-67.7841671741,-14.6926204815,81.3822257857,44.336483456,2.92373414925,-0.176136430748,1.82495275376,5.18237551191,-47.2548554731,1.20593294046,32.0703389401,18.6833993188,-23.6514418868,39.6464337251,3.28589664519,-19.7548119867,4.69945042929,50.7892464772,-14.909417909
-147.295800047,6.34131233961,-3.81041432164,21.5698642819,31.7625233733,-71.0188866003,6.81232047148,1.0377630269,3.55379458942,16.6555448003,-157.487845987,-106.971488146,27.3315135959,5.94067853905,-23.3505518782,12.7794992537,-25.9517191097,-11.7510379612,-54.761532802,-26.8708312661
-53.307818776,22.9178054292,-16.6398492871,-48.6594156963,2.44786113356,-16.4062513939,7.21879766097,16.5503707044,5.71690212387,-0.0683702078558,-39.925189835,-49.2936944391,85.3412735537,28.9230833632,58.8500437589,-8.14980614883,-5.00849628421,5.64661598123,46.6367548977,-36.1256402936
-142.177356738,-61.7403283455,-5.48577478171,34.6924712435,6.66673077298,26.4017266821,-3.64282100094,7.44342674236,-0.730519444676,18.799726949,-87.2342120364,-142.089861437,-6.27108326444,56.7774112261,22.2523975357,-12.4232228597,29.8945504816,-9.15396378413,-11.8219515359,-36.8574774874
-31.5905002888,63.2260451733,-27.9323028878,1.60395045481,101.614673985,-76.7556597988,27.4924900755,7.18563979686,7.69202909553,65.0366921884,-58.4712810717,31.907211042,77.4419901349,18.8345034561,-51.303342526,-3.45039245704,-39.9887513242,-8.21325546346,-31.9746883038,30.1954075371
-73.7287799505,-75.5660991616,-10.3543109423,6.29670945594,83.5997711613,32.7735657176,-1.65433773875,11.5725217828,7.98973604437,5.29744587518,-45.2829181328,46.285614052,-42.9229368603,79.0014330735,-39.2109228261,-10.5033516938,-4.79442281128,10.754387254,38.2604119062,37.2472694456
17.1816184167,2.29792179951,-3.60005491152,-34.5111255394,78.9183809378,17.2170834255,9.94572659364,4.72652672147,11.2069298283,154.098877505,-62.9852075361,26.0567079775,20.7585929062,-96.035891033,10.4772639066,-19.4103336971,-14.9983976656,19.2054794171,51.1340705023,20.5284431515
-45.823343297,-51.0945129762,-0.158993030162,-85.3378308533,-32.238839373,-23.7047793768,0.889465156445,-3.05641988369,9.64168671675,-25.794301236,-11.4539783147,-10.1262781373,-98.8860049641,-23.3213746705,48.031858934,1.86886075799,-9.50125618741,2.48808214968,21.5587956412,-43.0531682468
5.86889866712,-104.066187023,-24.6275666831,7.16469805923,106.651891648,-12.822908608,36.7187955564,7.73150239041,7.5962194439,-71.0944205089,-109.587372845,-63.3633896992,54.6327081767,-147.862634297,14.7573245242,-9.18041809983,-18.6090712721,8.11513921516,12.789793681,-72.8832623104
-203.834294472,-153.816057347,-7.13665441074,1.45468527213,163.419605414,0.840814768109,2.89237303804,0.164055663097,3.32456829518,46.7626358407,-50.2915816096,8.84836660817,-64.2216366234,5.55232387401,-14.0494777424,9.89515700214,1.04464303324,-5.77308110665,87.0467904186,-42.6436465105
3.26084712423,-43.18081889,3.71129129306,54.1995986366,-17.3948587968,21.3805630437,-4.88126922096,13.054930705,4.16665067007,106.028901406,-65.9259361006,-26.7937289799,-41.4415341517,13.190997335,-42.9139467115,-0.90664277171,-32.87593021,10.3780855574,4.43357367318,7.27615528384
9.59129269089,11.3461231437,14.9179720031,-6.48561744407,-23.8456562987,-44.4999736156,34.0654997983,18.7832436038,-0.367012674819,16.6109948071,-56.5736010638,-23.3637260595,2.89793612411,127.661429057,-7.66366320454,-25.8352762326,19.2038118787,-8.0990089906,12.3845053585,-36.7233271743
73.0711837107,5.52109589682,0.987712772231,42.9076962028,-65.3198379626,-10.9869250622,26.983864907,24.2175151183,-5.2913753548,11.0467931042,-16.0251848437,-18.5130022919,60.2501214679,-16.3533401883,60.2296414736,-16.8410627916,-53.84173917,-10.1270605003,13.6062340869,-78.1431221281
86.1070442169,-26.9148401018,-12.188959303,35.0325343321,148.605372961,14.1452059105,24.648144904,3.40129887128,7.00800852552,-15.1253190917,-38.6827873807,-89.9122488014,43.6468275972,33.4825819306,17.8879266036,-17.8153497601,6.34854117217,20.7977682606,55.3108100046,-74.8297060358
-14.7284093341,-73.3651881877,-0.0155517006997,-11.5354745719,30.9672599057,2.38959857679,9.73652229541,12.5932179376,22.984159469,39.161366944,-35.4577808685,-135.593507226,82.9424388497,54.3759385511,-2.48754272203,12.6999299739,-26.3632208538,8.65104166254,-5.8752872751,-2.82147044057
-61.5018262949,-86.0090442476,-31.1709235948,46.516762609,91.6844574663,47.7364475919,29.161669498,15.9844252297,2.33663804014,18.2594776788,7.95215457617,-72.5399079813,83.8242166304,-53.914156948,-35.8905376542,5.1287576838,35.8143012308,10.0955612156,18.417024744,-67.6806917494
66.2273407061,-103.818276201,2.44100701136,51.307812406,-123.615436762,16.4932590241,48.3403828106,-2.52249485977,-9.33375804685,-77.3095098462,-67.4438031812,-13.5861201794,47.2930082855,-15.549611836,-54.3125764404,-2.42379357234,-18.6850721557,-7.77654957583,10.6369578218,-20.6961000333
-101.176096492,3.63398082935,1.21953761509,0.204023255382,53.521927013,49.2789864514,14.4285055073,13.9822688829,9.3540177674,77.2493301566,32.5723614194,-29.5536080538,-12.7899700589,-34.400472748,-41.4389089761,9.78985780934,11.7976137941,-14.5480487987,15.3959436521,29.3642680366
-58.8500428967,14.7137375582,-35.3270307032,35.8875992105,35.6480951755,-25.4302342777,-11.5692598553,6.24595392998,-2.76420205497,66.0307894403,-86.4265116352,-120.473401422,92.0342822161,-82.7994397461,32.5170243861,6.90017244008,19.1455120951,-31.1275061243,116.723948099,4.53519971528
33.1996863849,46.6927376795,-20.6686537252,-63.5922522173,-39.0867956065,-69.0747281589,-9.7647437696,13.1677754458,12.6700784998,13.8892199745,-27.6339347779,-121.911005082,61.0693604779,49.2515130906,17.8301822488,6.47514857487,-20.6987519938,-10.5873699111,42.9788850234,-74.3648663366
93.2972978152,-91.4084897125,15.9041569174,51.7080756961,69.8987686806,-32.4631370359,1.60509916098,14.5354070391,-3.99480012356,26.7861462941,-22.3537468548,-132.700353436,-48.6311032908,-20.3402841719,-2.75770020551,-14.1202554446,-37.5654896543,2.62225854296,18.8101686893,4.89625824874
-78.3512279005,-99.1737185565,27.3819063005,9.43421978315,115.971131794,35.3021394043,-31.6200730378,-6.68175768279,-2.63097907179,22.1585539617,-42.4713317691,-59.3492479602,62.2766519851,2.57718504589,5.68185667235,-9.47467446449,-29.3892873479,-23.7019353299,9.327528557,-4.6056184999
-43.5436494371,32.3466714019,-21.5094006287,34.9556688063,92.1358391596,-5.88959983181,21.6873172917,13.3683711922,3.4899750098,-34.0898253842,-75.4560273867,-116.411788374,66.2593743796,-143.264566415,51.1761551263,2.17624095661,-40.7128585739,-7.01269458313,-12.6416261876,-22.9251446414
32.3182385747,-31.2641601893,-4.0192024798,-6.5272678445,64.7783631081,-15.6074026885,-12.7055812978,-0.169227868351,0.323672033081,74.9210219738,-75.3399042313,-144.13430037,26.9690139824,-179.729069309,4.5775462034,-10.1877805331,-6.30580458003,-15.8488522897,62.5053956187,-54.9876274269
-86.3842493584,-22.9742281705,-37.2310862381,-38.6133429117,37.8281384178,39.6929442696,19.1051218623,3.37968961819,-1.34125152526,-9.0226246293,-63.3037146885,12.409224838,51.7865431272,-48.3600179386,21.0911614818,1.22336977711,-25.9720932972,-2.5033495226,101.88023446,18.9106494787
-37.6105297554,-72.1994874152,-6.56316983624,8.5616813628,43.3141512376,45.1773009927,12.2636211327,11.0152388952,12.0059235626,-52.5707882883,-25.0050363627,-89.9550251205,74.4046403139,50.0854850644,38.0694851471,8.09630395868,-4.0180455622,-7.99805962044,21.5853714222,-75.2831037541
71.0822032536,-150.627825962,-9.76668642934,50.4962882519,79.2454988126,-39.9503929729,6.85441708256,14.8792300093,-4.87646141413,-84.3834860018,-44.3156814483,-26.3611053518,19.0355225103,79.8550385297,-52.9096583419,3.87031847054,8.84915621751,4.06838695173,25.6565856415,6.7598132803
-23.1218902727,-23.7254210663,-18.2294032552,-102.234339556,33.5804888694,-30.4671784868,21.4860613923,-4.22029215214,-11.649842997,-80.7063699943,-6.45666895479,-18.1214148602,3.88791259553,-70.1492752194,-2.14858098555,30.3136082682,-21.2236643181,11.6649044516,13.9539447719,4.03486898036
-57.300913686,-47.2637873381,-14.5015978254,25.8526325735,39.164777245,23.3902942263,15.7224730045,17.1970232846,10.5221183987,-50.0686429849,-76.4276141172,5.29812908361,94.7783252173,-91.0092946593,-28.2494375233,-21.6079864946,-10.1255426427,-7.61346528118,-0.117700491847,11.253045961
-127.162704018,2.01423543703,-1.91294481315,29.9927935354,-11.3672351187,-39.936722235,2.75111245567,-6.94571559262,3.62932889356,-16.4186234608,-14.2017047482,8.23117558828,52.0146833423,4.39985590719,-15.2621927835,1.47093745838,7.55867740757,1.98111828669,60.2834639561,-38.1597150102
-45.2362165164,-112.72131858,21.6657322001,-49.169281906,-44.7858025242,-2.44805917385,-31.7699569018,10.921427689,9.36544427645,-22.8154596429,14.5017029046,-66.0660395202,-53.7576283496,-57.9418995271,-63.1721474214,-27.3183084791,10.5374933999,-22.036396698,90.0313771425,-36.3419933377
112.961570248,36.338684402,-7.74139733411,-7.73844277322,92.6156995194,42.2444783093,15.9585940939,1.00274774846,7.77439762948,-22.4710826985,34.7806863251,-109.725651663,92.2564148269,24.4319385799,-69.7551740377,-18.1379060255,3.3579110071,2.75676496482,25.2800418585,69.928411187
65.9646220606,-94.9737721295,-9.14853410963,-82.4579403757,-102.117839342,-66.2763661745,3.66525072582,6.87138252264,-1.91723182608,7.95268705644,-8.77347267627,-46.17242934,-10.2088090708,-17.7260872953,50.8932474857,-23.7810485183,-28.1406134323,-3.664201782,-100.924189056,6.769901564
-115.780110857,-89.6418878513,-22.5917222841,5.66293448672,134.563505784,29.4024156511,-13.700780909,6.05509296256,6.13860438595,103.817803854,-51.9838102532,50.2790266922,27.6591031961,73.0770929816,70.8009651045,-29.0500242778,-11.6943667901,-23.1197826134,-26.0308107878,-70.6380382365
-105.34968445,-191.993541794,-18.2976373952,35.9857165313,46.43468971,0.30138681008,11.0821171653,13.7668729998,8.55472098031,-51.0915003357,-43.8429116544,80.0358724096,-65.6860564537,73.8105485277,-34.3817494995,32.302165886,-21.1968533876,-4.99914386275,61.2390899575,-9.77562222943
-68.0697812629,-30.3594057371,10.1348551039,43.9027513301,28.1484244124,-70.0927669814,29.1393970011,14.0190925281,-15.2023626206,-95.8280589447,58.9712503781,-182.515453868,-127.178076042,-47.8347655176,-34.2334896474,-3.73762602338,0.157390135651,-0.0273566502881,2.15094228345,-60.0510481619
-4.72476174186,-14.9596079267,-20.5733045104,-12.126728738,126.659823585,41.3954505635,6.57007933165,13.6183031617,11.1107029378,37.396459493,-122.809895926,-38.8631725322,-50.9882572638,-16.331084073,-49.1891675908,10.6621766694,8.55009070568,9.75031940615,23.6830111316,-49.4411397343
-43.0306478375,-7.89275280446,16.9586109344,-2.01874326194,107.133547546,20.0363866736,27.7621699394,-9.37885776173,-3.93091394391,-34.8605513161,-38.1107177396,-48.8065529705,-116.910242032,5.81673776622,-63.802254755,-7.90138041573,12.5392619995,-13.4943572233,85.6705933983,-26.6622959606
27.682768591,-63.6925847858,-11.9041147813,-32.9690225597,-88.6839694949,32.337218742,20.1927694776,0.641091596619,10.3705622345,-11.7973927374,6.02887748322,-44.4804604643,78.0098417225,-189.215229861,-60.1016725158,-31.5367116424,17.3727345299,-4.15579014299,-37.4748129496,46.2805698864
