ID_REF,202345_s_at,212274_at,218857_s_at,211699_x_at,201671_x_at,207783_x_at,202173_s_at,223678_s_at,219274_at,215446_s_at,213478_at,235879_at,211858_x_at,212221_x_at,220046_s_at,217833_at,232392_at,213583_x_at,204670_x_at,222518_at,226345_at,218773_s_at,218642_s_at,213306_at,202273_at,213136_at,214581_x_at,209102_s_at,202587_s_at,211932_at,228588_s_at,235274_at,201519_at,208942_s_at,240655_at,204470_at,1556007_s_at,1563692_at,202651_at,226247_at,238996_x_at,205263_at,221510_s_at,205226_at,202763_at,205680_at,218603_at,225227_at,212857_x_at,230296_at,244414_at,203455_s_at,236300_at,209568_s_at,222875_at,212165_at,205302_at,229546_at,225116_at,212441_at,209687_at,209549_s_at,226506_at,242022_at,1552257_a_at,208246_x_at,202351_at,214053_at,205102_at,225325_at,206414_s_at,205879_x_at,220760_x_at,202629_at,244780_at,205417_s_at,206461_x_at,223015_at,228697_at,213140_s_at,200748_s_at,212242_at,202712_s_at,235190_at,223130_s_at,233041_x_at,203897_at,204034_at,205304_s_at,202567_at,209014_at,225914_s_at,211996_s_at,215333_x_at,205041_s_at,206592_s_at,209714_s_at,225114_at,209609_s_at,238763_at,225915_at,201063_at,204362_at,218351_at,208539_x_at,210119_at,222468_at,218936_s_at,200727_s_at,Tissue
152585,2520.2,235.7,1016.2,774.3,1688.3,65106.5,2161.3,177.8,424.6,2203.5,1584.6,1689.9,12097.1,2016.5,2216.4,1921.7,862.9,70821.9,8737.7,1950.1,1322.9,2014.0,641.8,602.8,1307.3,1701.8,422.4,2574.5,690.4,1157.4,2349.7,628.4,2107.5,7940.4,1474.8,232.7,3456.1,38.0,3202.0,1955.9,1995.5,1639.2,1246.2,1218.1,963.1,20.4,1562.9,2235.5,11344.2,1465.5,1125.3,15709.5,157.5,1003.6,1376.7,2050.9,150.4,205.8,1127.6,1322.1,3152.0,2385.5,753.7,592.8,2082.0,7164.0,8001.9,1500.1,75.5,1447.3,1407.6,578.4,1183.6,1000.1,99.5,3725.9,847.3,3576.0,998.6,1220.4,34881.8,575.2,191.7,2140.5,1735.2,2752.6,1251.7,919.7,178.5,3285.4,4932.3,564.6,2838.0,1386.0,41.4,2961.9,904.9,394.0,3950.9,176.3,560.2,1901.9,912.5,2744.7,26.2,149.1,1234.1,979.6,879.0,Breast
53147,540.9,293.2,275.3,305.2,1197.1,18805.4,857.1,470.1,159.0,579.6,2927.9,1448.9,4759.3,1063.8,1347.7,1730.2,667.2,20709.6,12051.5,1397.9,985.8,1148.5,335.6,1131.3,718.8,1831.0,267.8,2195.7,843.5,2111.4,1581.1,436.9,2275.8,2818.3,496.5,108.1,1602.1,106.8,2024.4,681.0,294.0,990.4,511.1,376.7,760.6,338.5,1995.3,1988.6,7262.5,1935.0,239.3,4854.7,233.6,1241.3,1410.3,1548.9,152.6,99.1,1288.4,773.3,687.2,2176.3,728.3,659.3,694.8,1874.1,2789.8,539.3,485.7,2764.4,617.3,547.5,1785.6,438.1,400.3,3024.3,644.7,2911.7,3199.8,368.5,26508.2,1335.2,1022.9,2420.8,667.8,851.2,634.6,1303.1,329.0,1473.6,6571.8,1281.3,1232.0,1295.1,485.0,2425.7,1116.3,738.9,1829.8,156.2,409.8,2431.7,687.4,1185.0,329.1,105.4,1073.4,216.5,912.6,Breast
89019,1242.3,1383.3,1274.4,974.5,1266.8,64710.1,2644.9,11.8,149.7,920.0,1646.6,3137.7,21054.8,1482.6,2854.5,1998.8,1679.1,44362.9,18523.2,2039.5,2029.6,3515.0,595.4,235.4,831.5,1979.9,601.5,2247.0,1043.0,1326.9,1738.3,472.6,4120.4,5619.9,925.3,167.4,2829.7,7.7,1350.7,1040.0,472.9,2073.7,768.8,306.4,851.2,76.6,1927.3,2588.2,19742.7,1277.0,772.7,15083.2,128.5,1190.6,1078.4,1789.7,58.4,176.5,2687.8,1278.4,2034.9,3620.7,323.8,989.0,1403.4,3320.8,5327.6,2139.8,27.7,3394.9,2920.9,359.5,1446.2,1801.0,313.7,2521.8,883.9,4805.9,1959.7,1622.1,60592.3,939.3,161.9,5172.0,1025.0,1223.8,1057.1,1419.6,349.1,6824.1,10393.4,2649.0,1712.3,443.2,85.4,3141.1,2155.4,292.7,4654.4,89.4,1476.7,2646.1,1677.6,1833.4,166.2,72.4,971.8,1250.1,2329.1,Breast
76611,8430.8,2313.3,725.9,2831.8,1296.1,86801.8,1922.9,10.0,1179.8,1681.5,1653.1,5223.2,9943.0,1659.7,4119.3,2070.1,3510.9,70953.8,9403.5,814.3,3186.8,1767.0,1227.0,725.0,1017.1,2124.6,800.2,2018.2,704.5,2526.3,3419.6,1086.8,2575.6,3202.9,760.8,2678.7,2417.5,80.9,2596.6,3100.0,617.2,4777.9,1962.3,261.0,1831.9,101.6,2483.8,3522.9,13939.9,1894.4,1517.5,19478.6,307.9,1452.1,1919.0,1764.8,34.8,603.7,653.8,1778.1,746.2,2237.2,528.2,124.3,1133.4,3525.2,8772.1,239.1,182.7,1871.3,1375.5,254.3,810.4,1240.6,267.2,3432.6,2530.6,4783.1,2394.2,800.1,34100.0,2794.9,1511.1,1603.3,1292.8,1796.5,2055.6,2139.6,633.9,1380.0,5718.1,273.5,1741.6,426.9,98.6,2438.8,1129.1,819.8,2592.2,135.4,340.9,2857.1,2189.4,3172.4,718.1,332.7,529.1,1387.3,888.7,Colon
76637,2258.8,473.6,64.5,4936.5,1872.4,132190.0,1743.4,25.9,342.5,2115.0,1102.2,3093.5,9418.5,2175.8,2253.7,2430.6,608.3,86964.8,11317.3,1276.1,1405.2,1975.8,815.4,871.9,1789.7,893.0,409.3,2118.3,1169.3,1911.1,1273.2,483.5,2600.8,4519.7,517.1,255.5,2906.3,31.7,1346.9,1743.4,1105.7,1427.9,793.7,1978.6,302.3,534.2,2202.2,2400.7,9840.1,2553.4,875.0,8058.5,787.7,2577.1,1300.4,1363.0,8.0,181.6,4154.1,1627.9,6243.8,1478.4,863.9,704.1,1028.5,10994.2,4194.3,1588.4,302.4,1089.5,784.1,466.1,569.8,1056.9,176.4,3340.7,2435.3,2688.7,917.9,589.8,50201.6,1016.4,541.4,3538.9,1057.6,5024.8,1390.3,1231.2,391.3,2505.5,6450.7,719.6,3266.2,2114.7,184.5,2682.4,249.2,406.6,2917.9,12.8,764.8,3097.4,1172.5,817.2,37.0,168.4,1866.0,821.2,1000.2,Breast
117649,3236.6,815.3,948.2,6764.3,1279.5,135011.8,780.9,19.6,520.0,1354.2,1090.1,4550.9,8765.2,1674.0,3364.9,1844.3,1240.8,79206.2,33696.2,1014.1,1899.3,2458.6,1034.5,774.7,1644.9,2759.5,395.8,2532.7,823.2,1551.4,2641.8,302.0,2076.9,4675.1,558.9,1405.6,2293.3,455.4,1636.6,1357.7,702.3,3147.2,904.0,638.7,954.1,109.5,2293.9,1628.2,13669.4,1735.0,1766.5,16033.9,870.9,2787.0,1148.9,1350.5,16.8,216.3,951.9,1331.3,5776.3,1914.6,555.7,353.4,1134.5,5763.7,4291.0,39.3,222.0,1661.3,1181.3,458.3,1697.4,1174.0,293.4,2340.5,7989.2,3257.8,713.2,382.6,39497.5,1669.5,1516.8,1219.7,1137.9,2566.1,1419.1,2949.4,679.5,1658.3,5077.7,377.0,2693.5,562.4,15.6,2895.2,772.3,744.3,2625.3,224.4,717.4,3028.0,2633.4,1665.9,41.6,274.8,816.4,944.5,1072.9,Colon
179868,838.8,541.9,2303.1,584.4,2412.4,49639.4,1900.8,39.5,820.3,792.3,1206.4,2523.4,25091.4,2073.7,4912.5,3020.6,1417.0,42908.5,2588.0,1639.4,1641.3,2499.5,908.0,1425.2,535.1,1687.6,1115.7,2688.0,765.8,2397.2,1199.4,332.8,2490.9,18289.6,1045.0,81.3,5021.3,22.0,1397.0,1491.9,2142.3,1732.0,999.1,179.1,827.2,207.2,1583.2,1795.7,20141.6,1780.3,436.3,30735.9,276.9,730.4,1406.1,1536.3,44.8,398.5,4998.0,1744.0,374.4,1990.8,708.4,411.7,2075.7,7123.8,5534.2,131.3,4070.6,4012.5,1606.1,224.9,1303.8,1720.8,699.6,3091.9,608.3,5994.9,4704.1,1465.1,27812.8,1059.2,415.8,2696.7,2499.5,2793.3,1176.0,1189.4,77.2,5146.6,18688.0,1796.3,2984.8,309.5,10.0,4968.8,389.6,489.3,4041.1,53.8,3374.9,5178.6,1209.5,1934.7,173.6,52.7,2578.6,833.5,538.5,Colon
102534,2125.0,537.8,851.1,1228.3,1736.5,99270.3,1493.3,17.3,3818.5,4572.6,1174.7,3394.2,22517.4,2807.4,2190.0,2152.3,1390.6,84386.2,25266.3,1083.1,1388.3,2778.1,682.8,956.0,1637.2,1241.0,914.5,2602.4,345.1,1530.7,5854.1,516.1,3852.4,6269.3,517.5,461.2,1861.4,10.1,2811.4,6858.2,1089.4,2273.0,1785.3,332.9,941.9,229.7,1858.3,2348.9,15174.5,1385.1,2698.3,28332.4,873.4,3512.4,1233.0,1232.4,248.8,380.0,1775.5,1862.6,1572.5,3553.8,490.4,112.8,565.7,4334.4,14998.9,219.7,34.9,1311.8,2498.2,222.9,1339.1,1206.7,1435.2,3655.8,1201.7,4144.0,722.7,562.4,34834.0,1849.5,119.4,885.7,1259.9,1352.3,1562.2,699.8,485.0,2009.5,9415.0,319.0,1490.8,861.1,41.7,2784.4,423.0,663.0,2403.0,259.5,568.9,3517.6,1532.7,3061.5,19.8,4662.8,886.5,1104.7,997.5,Breast
38106,3540.4,663.1,655.0,2303.3,1912.7,42029.5,1988.7,9.6,946.3,1394.9,3009.6,1496.8,15132.4,1819.9,3754.8,2336.1,1094.1,32634.1,16977.1,1111.7,891.3,2268.7,2468.5,1018.8,1933.7,1462.0,329.2,2975.4,1412.9,2282.0,1221.9,427.3,3307.9,3801.9,423.4,96.4,1665.9,10.4,1288.4,1801.8,2331.4,1911.2,694.6,798.3,1724.7,12.1,1662.1,2681.4,16710.0,2649.6,697.2,9443.6,229.9,1124.1,1008.1,1988.6,1.7,47.1,1157.9,2886.0,5826.1,3201.9,1552.5,611.9,1013.3,2496.3,5753.8,366.5,223.9,1967.3,1993.5,240.3,1044.4,1842.4,2.2,2256.7,921.7,3391.2,604.5,887.1,38703.6,1987.8,532.5,1529.3,1437.0,1153.1,1974.5,1256.9,400.0,4256.6,3647.3,466.2,7317.7,4740.0,3.2,3007.9,473.5,1208.6,1853.3,37.6,578.7,2786.8,1206.7,1484.8,59.4,42.8,2814.7,1121.0,1422.7,Breast
76521,2522.2,571.1,664.4,3435.3,1552.4,101114.1,2577.5,4.7,192.7,1595.0,2278.0,3852.4,15289.6,2436.7,3848.4,2924.2,725.2,66428.0,18317.5,2119.4,1604.7,1786.5,804.9,1093.8,1276.6,1393.9,510.6,2553.4,1529.2,1950.3,1610.4,1249.1,2646.4,3548.5,477.2,162.8,4035.2,59.6,2241.5,1197.5,1976.3,1893.5,995.4,1352.8,669.8,92.1,2018.6,1866.4,24333.8,2198.5,1020.9,10302.5,226.7,2385.0,1239.6,1465.0,115.5,54.8,1808.1,1602.3,8431.1,2076.7,1107.3,1267.7,2205.9,5180.3,3692.0,2283.4,150.0,1487.4,1131.3,597.1,1828.5,1463.2,208.7,2144.7,2158.1,11409.0,597.1,851.5,47963.9,1059.7,1716.8,1997.3,943.3,2556.1,1662.4,1474.6,350.0,3242.6,2707.8,466.7,3011.4,530.5,62.2,2597.1,735.3,342.4,2620.4,111.0,870.0,2145.5,1332.6,1436.0,366.6,112.1,885.0,1058.1,773.2,Breast
88945,4958.0,1490.2,563.2,1835.0,1066.1,124053.2,1471.6,34.3,1126.6,124.5,1177.2,1308.6,9801.7,1158.6,3729.4,2274.0,1366.1,83448.0,2498.6,1899.9,1937.1,4204.0,1259.4,228.3,635.6,2199.4,909.3,1987.7,1977.9,1925.6,2781.7,470.3,4994.1,2473.1,394.2,1299.1,1294.8,68.6,3309.9,3015.9,822.9,3811.6,908.6,67.6,793.9,105.5,2053.0,2767.1,10823.6,1255.0,1729.2,8561.6,159.3,946.4,1887.3,2353.9,197.5,476.6,1433.0,1811.7,414.8,2191.0,486.5,306.4,2504.4,4515.5,2911.5,116.4,423.7,3229.5,1670.7,204.9,737.5,884.4,2280.9,3889.8,294.1,7738.3,2360.0,1225.6,31486.4,2357.6,2625.3,3283.2,544.6,1731.3,1987.0,3659.4,45.4,3962.5,4116.7,592.5,2656.4,661.8,66.2,3996.4,1212.8,251.4,8025.3,7.8,611.6,2814.2,2253.2,1899.8,173.0,13.8,1404.8,1492.4,798.7,Colon
203701,2128.6,2332.3,529.2,6961.0,1436.4,58637.3,1944.8,82.3,444.7,3613.1,1631.9,3119.5,9462.5,2588.2,3129.1,3308.6,1249.7,48984.8,9348.1,1389.3,1608.2,1826.4,872.4,1532.0,1799.7,1733.7,451.7,3505.7,757.4,2065.5,1990.9,462.6,2461.6,5046.0,947.8,423.7,2888.9,66.3,1941.3,2068.1,1041.2,1910.8,1615.9,3465.5,863.8,248.8,2490.5,3005.0,12590.8,1648.3,1424.6,16787.5,369.3,2669.1,868.4,977.6,76.4,242.1,1736.2,2236.5,12924.4,2148.4,859.0,468.3,857.2,5485.4,8456.6,1048.3,175.0,1801.3,1497.5,240.3,1334.8,1169.6,240.9,3389.4,2895.3,4949.2,913.9,1013.6,40807.0,838.1,436.1,2324.2,1889.5,2041.4,1300.5,1145.5,315.1,3912.0,5208.5,754.3,3391.8,3202.8,46.0,2915.5,287.7,679.8,1892.2,340.3,944.0,4636.2,1409.4,2217.7,27.8,101.6,1327.3,978.2,491.1,Breast
46820,2291.8,469.9,200.0,4661.8,1105.5,64432.8,1052.0,5.4,251.7,848.7,2494.5,1081.6,28102.6,2904.9,3296.0,1669.6,639.6,45150.8,12836.7,1559.8,1768.3,3517.9,1252.9,1020.5,1134.2,1587.5,199.4,3362.5,2078.8,2691.8,1361.3,763.5,5129.5,6451.6,448.4,72.6,490.5,7.5,4441.0,1611.3,3784.9,1329.2,708.0,619.0,2265.4,51.3,2205.3,4017.9,13331.1,1597.1,460.6,6143.1,168.0,902.9,1219.2,3506.3,5.0,68.1,162.8,2144.2,5796.7,2130.0,2003.5,1882.4,920.0,2145.6,5460.9,1174.1,25.1,2651.4,1411.6,1103.9,629.0,8063.1,5.8,7337.6,1860.4,3174.4,333.4,2358.8,57479.4,706.9,2236.9,948.5,2265.4,919.1,1560.9,1246.2,342.9,6101.0,11277.2,306.0,9031.4,401.3,239.7,2970.8,929.4,248.9,6091.2,358.5,126.0,3776.1,776.2,997.3,14.2,142.7,3065.5,1368.3,211.0,Breast
231919,982.1,505.3,365.3,1590.7,2138.4,77170.5,3486.8,7.0,1029.1,736.6,1063.0,4001.2,12165.0,2682.6,2253.4,3157.0,1008.2,72705.4,12631.5,2546.3,1208.2,2237.2,1121.7,1530.5,474.8,1358.5,112.0,4437.1,788.9,1175.5,2632.9,940.0,3710.7,12564.6,1116.8,121.4,4818.9,10.5,2862.6,1571.0,2521.3,2757.9,726.0,378.1,1437.1,25.1,2334.8,2950.3,28946.8,3419.4,747.5,8814.5,271.2,1285.2,1964.7,2113.5,12.8,28.3,2030.9,2561.4,2563.7,1884.8,949.2,831.1,873.7,9434.5,4694.8,403.0,172.7,1187.1,1194.2,127.1,2737.6,1603.4,205.5,3835.3,789.4,5012.3,3940.1,987.6,41652.0,758.1,244.2,2190.7,1941.0,2577.5,2355.0,730.4,345.1,3443.4,10327.3,391.0,3500.0,2125.6,46.3,1957.7,298.3,801.8,4518.6,51.4,524.0,1484.8,795.5,1410.6,100.2,57.4,1192.5,1542.0,444.8,Breast
179863,2848.7,418.3,58.5,531.7,1026.3,74948.5,2629.6,19.1,1084.8,2107.9,1003.9,1465.5,21539.8,1884.8,2471.8,2444.5,1858.1,57262.9,7775.9,1090.5,1422.4,2215.1,990.6,911.9,1502.4,1610.7,423.3,3605.1,1033.3,2402.4,3273.6,829.7,2551.0,3587.6,420.8,439.1,2734.8,47.7,1777.8,1602.5,2823.9,2271.7,1308.2,1539.0,1172.5,277.2,2450.0,2628.9,24389.1,1848.4,697.7,19137.2,200.3,635.5,1014.0,2113.7,38.9,597.9,1189.7,2177.6,3570.9,2383.6,819.2,663.6,905.1,4759.6,7648.6,1141.8,97.6,1811.4,805.0,437.6,2005.7,1042.9,117.7,4589.5,2290.1,4014.8,1655.4,916.0,54833.4,715.9,720.4,2212.6,1594.7,1437.2,1755.4,1272.3,399.3,2905.1,5776.7,663.4,4374.0,2046.9,58.4,3033.5,505.7,434.9,2238.8,77.3,569.3,2626.0,1089.8,2558.4,67.3,276.7,1312.7,1076.2,1714.4,Breast
137972,4444.8,1079.5,1139.3,3041.8,1397.1,153398.2,1517.0,160.0,1504.6,665.3,282.5,1160.6,8698.1,1138.4,2399.7,1800.8,702.7,90426.1,8605.0,971.9,2604.3,2282.1,905.9,198.6,825.2,2585.3,800.3,1962.9,552.4,1372.9,2113.0,242.6,2406.3,4486.5,711.8,6113.5,1631.5,240.1,4549.6,1947.5,1903.7,6904.4,1021.6,162.9,1841.8,545.9,1630.7,2088.9,13706.6,1409.9,987.2,31748.3,241.0,537.2,984.4,1945.7,158.8,537.4,841.9,1568.2,275.5,2011.8,516.0,313.8,2448.2,4703.1,4047.1,188.2,912.4,2981.2,2713.9,341.2,1020.0,832.5,1517.4,2947.1,2160.6,4076.8,2110.2,1062.9,106613.6,3282.9,2263.0,1921.4,886.5,2247.5,1242.2,7675.2,294.1,2275.4,3959.3,290.0,1861.9,556.8,208.1,3565.9,1135.6,770.5,3954.7,43.7,296.5,3160.4,1851.2,2980.2,91.0,566.8,877.4,1602.2,608.2,Colon
46852,2459.3,1767.4,323.0,244.5,773.6,62321.5,1720.5,29.9,318.9,3775.4,927.7,3185.9,16135.2,5213.7,3859.3,3176.0,105.6,38935.3,7167.8,2384.8,2859.4,3516.3,1381.4,1767.8,256.5,2288.5,74.8,1752.2,639.6,3475.4,729.8,2019.3,4740.5,4329.1,397.9,99.4,1454.2,67.2,4691.1,5514.4,708.5,2894.9,2538.6,2293.8,1074.7,276.1,3895.8,6452.7,16857.3,2563.5,748.8,15936.2,163.8,1988.9,395.7,1134.8,12.3,633.8,401.7,4532.5,4993.8,2017.4,665.2,1061.7,666.0,4769.9,11255.1,4516.9,26.6,2004.4,947.0,194.1,370.4,1372.4,27.3,2783.4,4385.2,5861.9,1170.0,1556.2,41070.7,1512.2,187.0,1982.3,1182.4,1496.4,2801.9,655.6,336.1,9808.6,9199.3,751.9,5483.9,478.9,30.6,2252.2,277.8,442.8,5315.3,133.8,106.4,7347.8,1352.5,3739.5,43.0,191.7,2494.6,1889.7,258.3,Breast
38091,4019.0,978.9,1703.2,585.5,1990.9,59168.3,1903.4,51.7,543.7,2751.5,1269.2,3263.9,21222.4,2625.0,4066.7,2352.6,2420.6,43930.7,20057.4,549.7,1603.3,1985.2,910.0,1638.8,3093.9,1575.2,1147.4,2232.0,787.3,1759.3,1712.3,485.4,2898.7,4102.7,275.4,114.5,1752.8,8.3,3083.8,1875.3,1514.9,1625.2,2006.2,741.8,1051.8,59.8,4013.2,4364.6,10587.9,1913.7,2799.0,9808.3,364.9,1165.1,1385.5,3033.5,49.5,219.2,1067.7,1444.4,5753.4,2160.5,123.2,533.9,818.8,2544.1,12454.6,73.3,138.9,2259.8,1929.5,135.5,1720.0,1621.5,40.4,2872.5,2703.2,5846.6,657.6,1190.2,51634.3,1667.1,301.7,1326.0,1096.6,1379.2,1034.3,992.2,352.3,4359.7,5613.2,364.8,4282.9,835.9,5.6,3162.6,287.8,936.9,2045.8,177.6,348.8,1712.3,4271.6,1935.7,150.3,106.8,1357.7,1627.2,2430.6,Breast
152632,5058.1,648.0,1168.3,2283.5,1244.9,105553.7,1175.8,44.9,1423.4,272.2,661.3,2684.1,8404.8,1829.2,3142.6,2090.0,978.9,79481.3,17854.1,1103.7,1998.8,2599.4,997.7,349.3,433.3,1567.7,1051.9,2302.4,1349.4,1647.9,1721.8,1022.6,2208.1,5382.4,262.6,1157.0,2174.1,3148.2,1290.8,1866.6,1230.6,6063.4,920.9,190.9,1447.7,133.9,2692.3,4071.5,10619.8,1162.6,1374.5,19855.8,949.1,1145.1,783.0,1891.2,33.5,670.6,1399.6,2203.9,3311.1,2537.1,430.7,253.7,1845.0,4118.9,3778.5,142.2,1748.0,2871.9,2426.1,322.9,942.4,1076.6,2014.4,3075.3,16628.1,3789.2,1395.8,660.6,43549.6,1604.4,6570.7,1739.8,748.8,1364.2,929.8,11078.3,143.6,3211.0,4155.7,267.3,2487.6,876.2,37.3,3193.7,590.9,826.8,2205.9,16.9,567.1,1930.7,2368.5,2681.8,20.4,119.1,1022.7,883.1,1413.2,Colon
117742,2783.4,642.8,2322.0,14280.8,1505.2,129424.4,1103.0,20.4,609.7,582.4,998.0,3342.1,9969.8,1297.2,4238.4,2087.5,862.1,95393.3,6014.8,1674.0,1850.6,1839.0,1228.8,374.4,643.0,1850.3,879.7,1427.4,2382.2,1724.8,2707.4,722.6,2037.6,4181.9,852.9,1572.3,2590.0,1528.1,1257.3,1583.2,661.9,5918.8,714.0,90.5,1322.7,189.8,2246.4,2483.7,11546.4,1402.2,1518.3,30717.5,904.4,1039.8,1000.8,1614.1,161.3,634.0,1330.1,1921.6,890.1,2395.1,330.4,421.7,1757.2,7597.3,4281.9,324.5,1231.0,2733.8,2279.3,71.0,600.0,1117.5,1181.7,3810.7,6066.7,3165.8,776.9,714.8,38806.1,2280.3,2415.0,1854.1,896.7,1978.2,958.7,5536.2,114.3,2186.1,4963.6,359.0,2149.7,866.7,61.0,3642.0,748.9,574.0,2460.1,121.7,373.5,1445.7,2261.4,2017.4,247.9,210.3,1240.2,1264.1,1163.2,Colon
46905,7659.7,1567.7,608.4,33511.6,890.0,48321.4,837.1,3.6,324.4,8042.2,1211.3,2816.3,25986.3,3114.9,3685.3,3701.3,387.7,33873.6,11303.2,638.0,1404.0,3010.7,647.4,1575.6,3808.9,1526.8,387.5,3430.9,1831.0,2313.3,1233.4,1423.6,3608.8,6281.7,257.2,71.1,371.5,5.8,2373.1,2255.0,1591.4,1430.3,1998.5,5824.1,975.9,175.4,2802.9,3353.6,9625.3,2081.1,1090.3,7077.7,643.4,2667.1,838.5,1407.7,24.7,77.0,327.0,1853.7,10221.5,2253.3,405.1,662.4,641.0,2521.0,9458.7,1004.1,88.1,1242.3,2556.7,148.1,436.9,2066.9,50.1,4325.0,2005.1,4761.8,164.4,987.8,44971.9,645.7,100.8,903.1,1357.6,1077.4,2344.4,1160.3,620.3,4064.7,9455.9,580.8,7649.2,924.7,50.9,2629.1,200.0,713.4,2265.8,48.3,168.7,6788.1,2821.6,1346.2,66.8,88.9,1198.5,1280.3,53.6,Breast
88986,997.6,1370.7,808.5,541.7,905.1,84204.4,936.5,4.5,92.6,1487.4,1673.5,1451.2,39243.5,848.4,2138.6,2902.4,883.1,65178.6,7457.9,3280.2,1687.5,3505.0,912.5,841.8,621.1,1157.5,85.9,2340.2,477.4,2823.0,1836.2,580.2,3334.5,5283.8,4696.9,168.9,2878.3,25.7,1224.6,1465.7,2733.1,1187.4,757.5,837.6,637.4,11.8,1620.6,2719.7,13250.8,1370.5,849.9,6129.2,181.9,905.0,1379.7,2663.8,19.9,107.7,3194.1,2796.5,1723.3,3265.0,533.7,672.7,2744.9,4271.9,7540.1,244.8,39.1,6066.1,2788.5,246.2,910.0,708.1,4521.6,3251.9,3143.4,4913.3,4351.4,1442.4,43640.8,4296.5,901.6,2802.3,1276.3,1657.8,1589.2,1281.1,282.5,6846.8,17244.2,592.4,3011.0,17659.8,493.4,4389.6,1456.1,122.7,5815.7,5824.6,570.0,1815.9,3171.1,1054.6,152.5,101.4,1067.2,1131.0,1271.0,Breast
102502,713.0,2833.1,422.2,708.5,757.7,60284.8,2787.2,5.9,1357.0,247.2,1857.9,2238.6,37929.0,430.2,4992.9,1670.0,2474.8,57692.0,3515.7,1825.0,1332.1,1829.5,510.1,700.8,247.6,1442.5,200.8,4331.1,189.5,2124.1,1734.5,469.7,4444.4,4733.2,1047.4,168.8,2308.0,9.8,2219.6,1690.3,612.1,2539.9,681.6,25.2,720.1,213.9,1468.0,1760.6,15404.0,2279.6,226.6,7401.5,363.7,442.0,1201.4,2241.0,111.3,366.0,3915.4,2595.1,352.3,3128.5,485.7,1256.2,689.0,5129.5,4030.3,442.5,393.4,5362.0,2260.8,819.0,2314.3,2091.0,314.7,3835.7,590.6,5524.7,1819.3,3606.0,46815.7,874.6,1042.8,3731.5,6882.0,1904.9,3537.7,550.9,11.1,2345.9,5978.2,622.7,5186.4,436.3,5.7,5509.3,377.6,304.6,4257.4,74.1,522.0,4323.1,156.0,1247.3,91.1,88.2,1087.4,975.0,2189.5,Breast
102576,3908.3,1590.6,444.5,1004.2,919.6,79736.3,1156.6,13.0,1557.1,3248.2,5905.2,3194.3,12648.9,587.0,2339.9,1708.1,1450.8,60837.9,13244.7,681.2,1553.7,5379.2,4251.6,980.7,1384.7,1531.9,591.5,2622.5,3056.8,1850.8,2244.7,386.7,3610.8,7082.6,327.9,201.6,2913.8,69.5,1070.2,980.8,687.0,1437.6,582.0,1742.1,913.8,59.4,1713.0,1477.1,13790.5,1931.1,1911.9,17355.7,457.2,2302.6,1145.4,1247.2,19.5,64.9,2960.0,1148.9,21240.0,3173.3,405.5,535.1,991.0,7320.9,4153.2,68.0,58.8,275.3,1002.6,158.3,2441.2,2048.3,54.7,2151.8,1982.9,3207.8,1423.1,979.0,52677.7,569.5,178.9,1719.1,3938.6,2619.1,1392.9,872.7,334.5,2896.5,8873.6,293.7,1650.0,642.5,33.2,4156.1,899.9,658.2,2071.0,804.1,266.3,4669.9,3423.1,2022.5,78.2,61.0,723.2,866.3,1199.7,Breast
231902,4912.8,1238.7,3172.5,5706.1,1461.6,60395.1,2275.5,19.2,1158.6,876.0,925.8,5647.4,7200.3,1841.1,3172.3,2592.0,2053.2,49400.7,5268.3,2049.4,3127.5,2232.4,963.0,919.9,781.5,1692.0,660.5,2112.4,858.6,2023.7,2720.9,635.3,2460.7,9312.5,427.5,2252.3,2961.4,1035.6,1770.7,1901.0,1180.0,5625.6,1319.5,187.5,1788.4,242.9,2249.5,3959.0,13590.6,1733.4,1125.2,22010.6,1056.6,1339.4,1383.5,1732.8,68.6,1062.5,1663.1,2072.5,1204.0,2549.2,321.8,218.2,1377.7,4702.8,7144.6,81.0,576.9,4540.2,3010.4,234.1,679.5,1128.1,2082.8,3272.5,5762.4,5809.0,3245.0,897.0,34307.4,3548.8,2564.3,2764.7,1225.3,1416.6,1357.1,4119.3,438.0,3968.0,6785.9,313.3,1502.2,557.8,47.8,3239.7,890.0,1312.3,3298.8,123.1,413.9,3914.7,2269.8,2365.7,47.0,171.4,1082.6,1323.9,569.1,Breast
46952,12259.5,700.8,639.0,1253.0,1073.1,38524.5,1309.5,6.7,341.4,2180.1,1669.2,2903.4,21968.5,2304.3,3407.7,3924.4,2042.4,27210.8,15141.9,1697.0,2825.3,2830.9,1397.9,899.9,1473.7,2008.2,524.2,3032.0,859.9,1777.8,1776.4,994.6,2946.1,2729.3,283.8,233.5,479.1,11.6,2795.2,2164.2,672.0,1942.1,1604.1,1674.6,1014.2,82.6,3274.3,2539.3,13851.4,1609.5,2593.6,8458.8,241.2,1657.5,1624.4,2060.7,22.2,168.1,674.6,1487.9,7842.3,2106.1,340.9,665.2,1913.7,1715.2,6006.5,135.5,299.7,1774.3,1943.7,122.1,544.1,1870.9,65.0,3495.8,1031.3,4668.7,239.9,1900.9,36060.1,1206.5,1555.2,1731.4,920.5,767.3,1165.9,669.4,458.1,4454.0,9190.5,339.0,6133.3,495.5,2605.3,2680.6,569.5,640.6,7753.5,34.3,127.1,3670.3,1655.8,1685.1,84.2,86.9,1117.7,1302.8,755.7,Breast
88999,3928.0,905.6,562.1,741.7,947.5,62635.0,1335.0,36.9,2642.4,234.0,1066.6,1937.1,14061.4,2435.9,5826.8,2380.4,1206.9,45294.0,3441.1,1496.9,2359.0,2433.3,1065.1,163.2,451.1,2056.2,788.8,2501.1,659.1,2734.6,2197.4,263.3,3889.7,3571.5,335.1,1110.5,1054.8,197.2,1440.7,3986.9,1670.2,3422.7,1911.3,108.2,1569.0,137.4,1674.2,3360.6,12686.0,1908.1,1005.4,8751.1,395.1,660.5,1633.0,1712.3,12.7,922.6,1208.0,2140.2,214.1,4313.0,449.1,368.2,2540.1,2084.6,2446.1,137.6,572.7,1790.9,2538.6,152.9,448.3,827.0,400.9,2782.5,9543.1,7412.0,165.4,920.7,43987.9,3136.3,4119.4,5884.1,656.9,872.3,3512.0,3449.9,9.1,4956.5,4123.5,401.1,2759.3,407.4,43.7,3143.7,2307.5,969.0,3102.9,71.6,328.6,2614.9,2307.8,2192.1,106.9,64.1,723.5,2033.6,918.0,Colon
46823,3720.7,272.2,4327.6,532.8,455.3,62698.3,1386.0,9.6,1513.6,2295.3,981.8,2246.3,19178.2,1181.7,5542.9,2447.2,720.4,42977.5,10523.8,590.4,1654.4,2292.0,1423.7,1256.0,1255.0,2842.8,485.7,1832.9,1125.4,2362.8,2278.9,763.4,6875.4,6872.4,922.8,372.7,530.1,23.8,1204.9,1840.0,2462.1,1327.3,1047.3,1766.1,848.8,1096.6,1564.9,8000.8,8651.0,1943.6,2208.3,6435.7,1914.7,1090.3,1282.5,3066.9,43.1,333.8,528.8,1479.7,3175.9,2921.0,386.6,624.9,1187.5,1907.5,5353.3,1844.3,25.6,740.3,1693.3,106.9,593.3,854.4,218.9,9383.0,2802.8,6482.5,482.3,929.6,53085.2,1253.1,419.6,1357.6,1463.8,567.5,2418.8,1655.5,365.8,9421.9,11691.8,205.6,7191.2,206.6,57.7,2609.7,1081.8,520.1,3539.0,15.7,10.9,4508.1,472.2,1069.0,100.8,85.1,552.6,1618.0,927.5,Colon
203800,5967.1,652.0,569.0,270.6,2047.0,93975.6,1740.6,15.2,1617.6,498.1,502.4,1175.8,12845.9,1404.8,2128.5,2173.6,1374.3,78989.9,8260.4,1702.5,2981.5,2671.1,811.7,347.9,436.0,1450.6,814.1,1622.3,868.6,2695.2,2527.4,418.5,2769.9,5391.3,497.4,588.7,2343.7,369.5,2762.9,3449.9,1588.6,3049.7,2172.6,37.2,1217.8,92.3,1959.4,5185.5,19364.5,1631.7,1686.5,13898.8,527.1,827.6,1363.0,2205.4,7.6,1188.3,1563.5,2042.1,597.6,2945.1,432.0,496.7,2724.0,5014.4,5469.2,114.7,900.4,2459.5,1732.8,229.3,644.6,1198.7,1229.2,3091.1,3335.5,3600.2,2157.0,1286.5,23404.1,2052.3,2882.8,2879.9,1277.2,1559.0,3532.3,5473.0,216.2,5526.8,4886.6,1557.5,2095.4,857.0,161.8,3472.8,876.7,1276.4,3921.7,85.8,1620.5,1923.4,1178.6,2658.7,323.4,69.6,718.9,1162.6,1612.3,Colon
179837,13289.7,873.8,362.3,1826.0,1692.7,70548.1,1835.9,40.0,556.2,4174.8,2761.9,2489.9,24504.6,889.3,4196.1,4470.8,982.2,62408.9,5088.6,943.0,1925.1,1543.2,4455.4,711.4,790.2,2127.3,1635.6,1603.8,805.8,2444.4,1673.6,431.5,3546.6,3947.3,284.0,848.5,1822.8,64.4,2547.4,2388.5,3089.8,1962.7,3200.0,191.1,1247.2,53.4,2483.9,2388.0,17412.7,1310.8,1637.8,12636.8,212.6,696.0,1580.8,4596.5,117.2,240.7,505.6,1057.4,919.1,1773.1,245.6,458.3,2087.9,7951.8,3984.1,202.4,143.6,686.6,1548.7,365.6,993.1,1053.8,282.5,5306.8,3075.7,6883.2,2916.2,945.4,64851.0,1592.7,518.8,463.3,943.0,3239.5,808.6,811.3,173.2,6840.4,5662.0,341.6,2822.0,412.0,1309.1,2490.0,1768.0,305.5,7398.6,91.8,230.9,5250.8,723.3,2474.8,137.2,43.0,771.7,1675.3,1018.7,Breast
179780,2628.8,919.9,1349.3,453.5,901.1,44212.8,2544.9,9.9,172.4,1092.7,942.3,14926.8,21873.3,971.5,3390.8,5167.6,1826.6,59408.3,10186.3,1171.6,857.9,1655.5,1150.1,948.4,518.5,1068.5,1170.7,3040.6,658.0,3830.6,1931.0,1149.4,2730.1,2315.5,651.3,171.9,1410.5,72.1,1780.8,1238.7,1270.7,1685.3,796.7,521.5,777.0,253.5,1595.7,775.7,16921.4,2137.9,839.8,6018.0,879.4,1746.5,1081.0,1600.8,144.4,508.5,908.8,2684.7,8485.6,2051.1,348.6,1046.5,945.0,6287.8,9847.6,212.6,9.0,1657.5,1400.3,169.7,2983.6,1222.2,82.3,3679.0,1513.5,2628.0,2019.8,1532.4,40151.1,638.9,87.2,1993.7,1744.8,2149.7,1583.7,674.7,715.0,4901.6,13727.6,207.9,1751.6,2467.9,67.6,1688.5,3107.0,1095.9,3513.6,227.5,194.9,5809.8,609.3,1845.1,127.9,383.9,685.7,1424.6,1539.4,Breast
88963,5470.3,466.7,476.0,5279.7,1024.5,93545.4,1474.4,18.7,1283.1,682.9,925.2,2251.2,17074.0,1144.8,2618.5,2987.6,1079.7,58623.8,7907.9,2419.1,1419.4,3170.2,2062.3,644.6,1254.2,1507.2,485.5,2564.3,999.9,1571.4,2721.0,394.2,3864.1,3307.3,667.4,4315.1,1181.9,407.0,1721.3,1853.7,603.8,2485.1,1543.8,292.1,808.4,98.2,2544.1,1886.4,18960.4,1752.5,1398.3,15575.5,503.2,1305.2,1872.1,1376.9,22.6,914.0,1339.3,1268.5,1361.6,3144.6,447.8,230.3,1523.7,3265.2,4867.3,188.4,458.4,2403.6,1765.0,249.1,849.0,715.4,968.1,3885.5,1048.4,5878.1,2936.9,1306.7,58598.0,2775.7,2238.6,1927.5,1373.4,1293.1,1467.2,2301.7,256.5,2685.7,5320.5,967.1,1945.7,367.7,23.9,3337.1,1701.6,823.7,4553.9,74.7,842.0,3881.5,2253.8,2027.0,37.6,271.7,734.4,906.6,1132.5,Colon
89018,1034.9,847.1,563.6,713.3,2297.1,104632.8,3232.7,4.8,262.8,512.0,1155.8,5003.1,25358.3,2093.7,2771.2,1602.5,2004.9,65854.3,23644.7,1730.4,1237.9,875.6,1021.1,687.2,1174.0,2454.7,233.9,3645.9,706.1,2474.1,2177.4,482.9,3268.6,4517.8,614.6,182.5,3276.0,32.8,1854.9,1491.2,1494.9,1685.1,890.2,552.5,1024.3,12.7,2510.5,1582.9,15095.4,2064.8,1403.1,9564.9,172.8,1695.5,1000.0,1386.2,20.2,187.3,1860.0,2056.6,2667.3,2516.5,591.0,1155.7,2067.2,6718.2,4856.6,1608.9,82.1,1052.1,729.8,382.7,1138.6,2542.5,39.4,2379.6,934.6,2770.9,380.6,1051.5,57887.5,2003.3,16.2,3060.9,1070.1,2828.7,863.1,1246.1,446.3,3697.4,9266.9,650.8,2617.1,306.1,68.6,3202.8,527.5,251.9,4113.1,85.3,1007.4,2021.3,1298.5,1398.5,109.7,22.2,1946.7,1188.1,704.2,Breast
76564,1620.8,541.7,587.2,1672.4,2447.1,114999.0,2217.4,67.2,86.9,2079.2,2642.4,3278.4,8562.6,3411.1,2285.5,1951.1,894.9,66611.5,9895.3,568.6,1214.1,2219.7,1401.7,1398.3,1624.3,1711.0,181.8,3435.5,983.9,1840.7,1990.5,571.3,3078.8,3746.6,1065.8,137.0,2247.4,193.8,2850.1,1587.0,935.7,1414.2,561.4,1778.8,821.6,148.3,2168.1,1890.2,14937.6,2940.8,751.5,8598.1,245.5,1576.5,1473.5,1476.0,106.4,198.3,872.3,2504.1,3673.2,2836.9,685.6,1461.4,566.0,6331.0,4762.0,2820.6,29.5,1850.2,1117.6,430.4,887.1,1584.5,140.7,4444.3,678.9,2443.7,694.8,691.8,58669.0,1201.0,611.7,2055.6,984.2,2569.9,1489.9,721.2,267.3,2248.1,10539.3,506.7,4785.7,717.3,130.8,2891.3,414.9,308.8,3862.2,208.3,267.0,3764.3,1062.6,819.5,221.8,97.5,1401.7,947.6,554.4,Breast
152753,3070.3,831.6,765.0,152.0,1719.6,93882.1,1793.6,136.7,1077.0,2427.2,772.3,2658.2,31708.5,1322.0,8457.7,5626.2,2422.6,100935.1,4962.1,1224.2,4387.2,4017.0,1578.4,609.1,481.3,3141.9,431.9,2902.8,847.9,1677.9,1943.4,1078.6,1719.9,5597.4,529.0,598.9,2567.2,57.6,1671.6,1982.6,2044.7,1936.3,2619.2,653.2,586.9,11.7,2859.3,2520.8,22234.5,1132.9,2231.9,15404.8,253.8,675.1,1367.1,2398.2,112.0,410.3,2510.8,1211.0,266.2,3031.9,420.3,491.5,1209.8,6031.3,3977.2,102.4,173.4,2178.6,1874.2,420.7,1755.9,1916.5,325.7,5795.8,4787.0,5196.0,2154.8,1087.2,58805.6,988.0,383.8,6400.1,863.0,2174.3,427.1,970.2,25.6,3888.2,11526.4,435.6,1783.6,450.6,29.4,1955.8,1198.4,424.3,5600.8,65.4,213.4,1775.0,405.3,2167.4,217.5,132.0,842.0,1591.8,2324.7,Breast
53052,683.5,791.6,270.8,1664.9,1421.7,74150.4,2007.1,27.0,385.8,515.5,1237.5,1283.7,56481.8,5497.8,2396.2,2418.9,1282.4,46338.4,3622.9,4898.0,2415.0,2235.1,1042.8,374.5,1105.0,916.9,275.7,1318.3,1228.2,1776.6,3452.6,529.3,3359.8,5616.6,632.8,173.2,4864.2,37.4,1935.1,756.0,1399.9,1982.5,871.4,494.2,641.6,170.6,1226.5,1774.6,13495.0,2493.3,234.8,4739.7,191.3,703.5,1468.6,1304.7,174.3,327.6,1498.4,2927.9,820.4,4322.5,1418.5,3656.3,1248.7,3624.4,4545.0,3036.2,132.2,1716.5,2348.0,4334.4,1055.4,1107.0,326.6,3385.6,1582.8,3710.4,2956.0,3194.7,24730.9,892.1,2565.2,3733.3,722.8,1533.9,682.5,970.4,355.2,3761.9,11700.5,434.5,2628.5,653.2,139.5,2770.1,1451.0,507.0,2317.8,77.1,624.1,2897.0,276.6,1312.2,166.6,33.1,1151.5,879.8,711.4,Breast
53109,2053.6,488.9,1356.9,3418.9,896.5,122714.9,861.8,57.9,98.3,1545.9,2028.2,3992.3,3656.9,3127.4,2026.4,2509.1,153.6,81739.5,12260.5,601.2,1517.1,1884.5,1407.2,462.2,1151.9,1341.4,19.1,1183.6,954.0,1560.2,621.0,212.5,2177.1,3439.6,991.5,82.5,663.6,83.9,1300.3,1130.9,492.4,1343.0,1599.9,1070.5,352.1,38.6,2673.9,2373.1,11369.5,2657.0,503.2,8302.6,258.8,2097.0,723.8,1298.6,35.6,37.4,923.1,1810.1,3304.7,2398.9,1019.9,675.2,911.3,8621.5,4913.7,869.7,79.8,1109.0,617.6,773.2,1394.9,1011.7,19.8,2809.1,1760.2,2352.5,962.8,674.9,43165.3,957.8,787.9,1186.1,1420.6,4442.9,1385.4,1068.0,330.6,2643.2,6036.7,820.6,5739.3,1104.3,45.4,2249.3,276.9,368.6,1822.6,291.8,352.9,3546.6,1033.0,1251.6,68.2,18.8,1204.4,1491.9,573.7,Breast
117719,965.5,705.9,761.0,3435.3,1627.3,138425.7,1486.7,19.1,208.2,602.0,1533.2,1357.4,10554.2,3463.3,2556.5,2242.9,3033.9,98764.8,7054.5,1325.1,1358.8,1822.9,745.9,777.9,1265.8,1369.4,270.7,2291.7,800.3,742.6,3115.7,1900.6,2608.1,6639.7,1816.8,122.9,4587.9,265.0,1358.8,1288.0,319.0,1977.4,560.4,1051.0,290.8,217.8,1843.8,866.7,19110.7,1519.1,618.8,6358.5,116.9,1275.5,1488.2,759.0,163.6,246.8,2219.5,1490.9,4381.5,2007.8,1975.8,1238.2,855.6,5382.2,4124.0,712.9,63.3,1986.3,1252.4,2251.7,1354.8,751.3,113.6,3360.4,2590.7,3714.5,458.9,780.3,24853.4,1064.2,2124.1,1805.3,1142.2,3108.5,1054.2,1035.1,173.1,1753.7,5176.2,844.2,1613.7,729.2,7.5,3924.1,278.0,558.8,1804.6,117.5,1859.6,545.9,3030.9,1246.1,278.3,160.6,1680.8,628.1,772.1,Breast
152761,10177.1,1241.7,2208.5,692.0,3221.6,64697.4,995.0,16.2,685.3,3592.0,2410.9,1680.0,18659.1,1475.2,2877.0,2534.8,2148.6,61870.3,10604.4,1066.1,1659.7,3119.0,753.3,1577.8,1536.4,1919.4,950.4,4059.8,1479.5,1741.3,1851.3,769.8,2095.2,5601.5,596.9,487.2,938.6,58.4,2960.8,1792.7,1978.4,2952.9,3401.4,528.5,1159.7,128.5,2269.2,1537.2,19422.0,1108.7,1324.3,19868.0,672.2,1930.3,2291.5,4771.7,73.2,120.3,1005.5,843.9,3460.2,3096.1,263.8,334.8,1608.9,3564.1,8180.3,72.1,79.6,827.4,1289.6,213.0,682.3,1040.4,47.2,7771.4,2016.3,4182.5,3094.7,660.0,51985.3,1876.9,1264.7,832.3,652.3,814.0,1493.7,1163.5,990.4,12013.9,7261.4,238.5,949.8,157.5,3796.1,4438.5,1196.2,454.0,6023.4,72.6,256.9,2869.8,1449.4,2584.0,90.8,253.2,1169.7,748.4,1516.8,Breast
102506,2833.7,2298.7,518.8,361.1,1266.3,114415.3,1279.8,15.0,329.7,1940.4,1889.4,2035.9,14939.3,1962.2,2663.6,1720.7,1166.0,70956.0,39564.2,880.3,1287.1,2016.6,1031.1,628.0,774.7,2446.3,584.6,1715.9,1073.7,1900.7,2864.1,379.4,3580.0,3793.2,349.1,3308.2,1678.0,105.0,1774.8,2795.7,1144.1,1410.5,2224.8,788.5,1003.5,170.1,2245.8,3204.8,18317.7,1393.5,1520.9,10321.6,108.3,2106.7,1304.7,2250.5,33.6,294.0,1611.7,1390.5,1409.3,4193.5,252.7,464.9,1352.8,4772.9,10802.4,310.5,17.7,2103.1,843.6,477.5,2246.3,959.3,584.4,3408.0,1878.3,2916.0,279.7,711.6,108455.2,2114.4,342.7,2900.6,1348.4,1753.0,805.5,895.8,130.5,3780.6,6900.8,533.4,2719.1,289.0,4090.8,3015.7,4241.2,716.9,5453.4,50.2,54.1,3042.5,1645.9,4434.1,79.8,229.0,538.5,761.5,1490.7,Breast
89000,3377.4,674.2,2120.3,2803.5,1495.2,109124.3,1412.6,23.4,301.9,1888.3,1692.5,3534.9,7432.0,2166.1,2973.3,2182.5,1787.0,78242.8,20486.1,1655.4,1475.9,2112.3,1170.6,1408.7,1232.9,1275.5,291.3,2297.3,707.2,1709.3,2692.1,672.8,2025.8,4912.4,1836.8,544.8,5739.3,43.7,1293.2,1294.3,676.3,1950.7,1336.6,1001.8,813.3,385.5,2274.4,2379.6,27531.3,2074.6,1266.9,11565.3,231.0,1372.4,762.1,1177.9,181.3,154.0,2219.6,1405.1,4257.2,1926.9,506.2,920.0,1552.8,7837.7,5482.2,612.9,49.6,1161.7,1042.0,774.5,1244.1,1089.4,189.6,3337.7,1408.1,3154.8,554.3,791.6,30336.2,907.9,603.7,4051.0,812.2,3010.9,1040.2,940.9,402.1,2368.9,5556.6,510.5,3311.3,1949.0,55.1,2503.0,526.4,430.5,2924.0,153.6,752.6,2116.0,1337.6,1505.5,143.2,8.0,1001.5,945.1,755.6,Breast
38051,2108.8,297.5,479.1,633.1,1743.2,48940.9,1841.7,4.6,137.8,8694.5,653.8,1025.0,18982.5,2311.9,3273.4,2134.5,1397.3,40604.9,12781.1,2540.7,991.7,2376.9,875.3,1140.5,1838.0,767.4,211.6,3941.6,745.8,1849.1,1716.8,279.4,2926.9,2288.4,843.8,105.2,2499.8,20.8,3028.8,2492.0,2915.0,2219.6,1862.0,2331.2,1064.1,529.2,1424.3,2030.9,8151.6,1791.1,523.9,9130.2,162.8,729.1,1526.9,3270.6,9.5,60.4,2257.5,2225.7,5842.5,2433.4,1403.9,1017.6,5465.2,2276.9,9538.8,2710.6,146.7,923.6,994.4,113.2,1613.1,1344.8,13.1,4556.2,1236.2,5918.7,367.8,1135.2,48088.3,1533.1,280.4,583.8,1757.3,1128.9,2565.0,2427.9,298.1,4598.6,7543.5,936.8,2788.7,1380.3,97.6,2025.3,227.7,358.9,2502.0,64.5,1161.9,2543.9,877.6,1877.1,83.8,50.3,1279.5,885.4,2111.5,Breast
277685,34186.9,994.9,561.2,439.8,1506.3,77271.1,854.4,3.5,117.0,989.1,1371.1,1580.0,64638.1,1361.8,2871.1,1574.3,2335.8,70397.6,19475.5,2787.0,2364.3,3961.0,1775.7,1180.0,552.3,1900.9,345.9,2720.1,816.4,1708.1,2419.7,333.0,4874.5,3537.4,585.0,488.2,1752.5,53.5,1227.3,1287.9,2207.6,1590.0,840.7,232.5,1081.4,214.8,2002.1,1711.3,18136.7,1618.9,456.4,8656.3,146.8,1386.9,1633.4,2115.4,37.5,427.1,1383.0,2021.1,1642.5,4284.6,175.7,985.8,2837.7,4053.0,3065.5,109.9,173.5,1174.6,1493.1,18.2,1697.3,1189.2,1388.2,3620.6,928.0,4209.5,1638.6,2561.6,44361.0,1792.8,677.3,1286.2,1459.0,1414.2,1415.9,865.2,187.2,6717.2,8516.4,436.5,2939.5,541.6,213.3,4215.1,1299.5,625.3,7437.2,506.3,354.6,3350.6,967.0,1704.3,21.3,166.3,623.6,1377.3,3570.1,Breast
38094,2641.6,267.3,867.1,2245.2,845.5,47841.2,1853.8,42.5,80.2,1705.2,3237.2,820.1,44218.3,4405.8,3859.1,1485.2,379.0,36964.3,16019.9,1807.9,1441.2,5122.1,519.0,982.7,1243.2,1500.3,364.3,2870.6,1398.6,2701.6,653.3,1186.9,4602.9,3292.7,3155.4,75.6,1974.7,9.9,2036.3,1418.4,3368.9,1432.2,629.5,600.1,1766.0,226.8,1544.2,1784.2,9542.0,2013.9,587.0,9263.2,95.4,633.6,1006.7,1911.4,7.2,96.4,1066.6,3700.2,2950.7,3142.7,426.5,894.4,1782.1,2208.1,6986.8,104.0,79.7,2278.2,1987.8,1927.2,826.3,1712.8,229.2,2809.1,1541.8,2945.6,519.5,2913.8,37224.5,1112.0,2376.4,707.6,908.5,646.0,2471.5,1187.3,290.2,4644.1,13678.7,449.7,5260.4,813.3,66.6,2377.0,796.6,421.4,3482.4,522.9,606.4,1665.5,388.0,2015.2,80.7,72.6,1068.3,699.8,2060.6,Breast
203702,6445.7,549.5,645.5,25153.9,1497.2,67992.4,1833.0,7.6,975.2,1652.6,1385.9,3944.4,13711.5,3558.6,3335.9,3076.0,1667.3,56972.6,9552.7,1427.4,2113.1,2141.4,1116.1,1365.3,1318.7,1409.5,790.5,2112.1,1255.0,2457.4,2349.6,705.8,2226.9,3699.7,411.1,6393.1,2209.4,775.8,1782.5,2745.6,1506.5,2862.7,3218.2,772.3,1353.2,256.1,2656.9,4015.3,12892.9,2191.7,892.1,17137.2,1534.4,1403.1,1686.7,1347.2,73.3,733.5,1153.5,1895.8,2706.2,2417.7,317.5,303.7,1422.1,4388.3,9565.9,110.0,526.6,2076.4,1913.9,96.1,965.6,1581.0,586.7,3052.8,2353.4,3810.6,3483.0,1560.1,48680.0,1704.4,562.4,2379.6,1496.0,1532.6,1654.4,2546.5,700.7,3852.7,5804.0,542.5,1765.1,836.5,44.7,2976.2,832.3,1244.6,2353.2,200.1,692.1,4073.9,1484.7,2533.1,15.2,140.0,784.0,1334.1,1008.4,Colon
46931,11552.2,861.5,637.4,1266.1,551.4,39749.7,1477.0,11.7,2458.9,237.5,598.6,2771.5,19644.0,1078.8,4267.9,3013.8,1189.7,29773.8,4817.9,1852.8,2783.7,2746.9,1285.3,243.6,437.6,1973.7,1218.3,1613.4,4467.7,3929.7,1450.5,319.3,4213.2,3729.1,322.8,3859.7,1906.9,565.2,2056.8,1985.2,2144.1,4936.7,1406.3,62.5,2176.9,147.2,2457.6,5790.5,10161.9,1801.2,799.3,10468.9,1491.3,918.8,1830.8,1898.5,37.6,1554.0,325.9,2009.8,551.0,2173.4,622.3,146.8,1489.2,2621.7,5301.1,2.0,1335.2,2941.9,2652.8,70.9,384.3,1150.4,142.0,2446.1,5225.0,7502.0,545.5,1637.8,35639.3,4836.9,4417.6,861.3,1225.3,840.4,1640.8,6358.0,171.8,6746.6,2703.2,387.0,4630.5,486.4,261.9,2559.7,1949.6,773.6,3604.4,20.7,142.7,3412.2,927.1,2980.4,11.6,11.4,1460.5,1980.3,781.0,Colon
152680,1075.4,310.3,502.1,1386.9,1411.0,87991.1,1253.2,39.2,141.3,663.1,2040.4,872.5,72962.2,1974.8,2256.9,1632.5,2332.4,82013.4,4701.8,1519.9,1110.7,3605.4,665.7,723.3,664.1,955.5,198.6,2574.9,795.8,3034.0,2139.6,1798.1,3084.4,4191.6,838.9,151.5,5260.0,36.6,1597.6,1731.1,3398.5,1017.7,627.9,390.6,885.0,123.7,1001.5,1677.9,25816.9,1097.7,372.3,6033.1,206.2,711.9,981.0,1484.5,146.9,75.4,2268.5,2138.6,1603.6,2207.9,1520.9,1576.5,1730.1,5546.9,4885.6,2011.2,190.0,1160.6,1491.4,1417.4,2476.6,3385.6,159.8,5029.7,2462.4,3047.0,2147.6,3134.9,46856.6,965.4,609.3,1895.8,2427.2,1869.5,1269.3,1526.6,143.6,4221.5,12111.4,1119.9,2453.9,423.2,11.8,3269.6,646.9,277.2,3108.2,339.7,1614.2,1942.8,861.8,1418.1,174.4,134.4,818.4,719.2,1821.7,Breast
179948,3977.0,577.9,551.8,3343.2,528.3,93311.7,1906.7,10.5,1060.5,1114.8,324.8,1570.9,14744.0,1052.9,3948.4,3518.7,1407.5,72336.4,4444.3,1379.4,1207.2,2211.4,1360.7,380.7,930.2,1384.1,1550.3,1993.2,1565.6,2918.4,2797.4,497.4,4093.6,6500.1,509.8,4504.2,553.3,98.3,2562.1,2674.4,2603.8,4078.7,1933.6,158.6,1572.5,276.0,3067.2,3145.0,19890.2,1740.9,712.8,27085.2,641.1,1102.1,915.3,1651.6,46.6,1156.2,1316.4,2043.7,294.1,2878.8,551.8,150.5,1984.6,2446.8,6484.9,95.6,780.9,3773.5,3018.2,163.8,766.5,1451.9,242.2,3077.2,1110.6,8139.3,713.7,982.6,53247.0,2218.7,867.3,1282.4,1616.7,969.9,966.6,4049.4,400.6,4040.1,4679.4,916.4,3222.6,516.0,8.7,3421.5,805.9,1390.0,3973.3,44.8,835.7,4543.4,1490.5,3930.7,108.9,74.8,1654.8,1966.1,1897.5,Colon
179932,4721.3,731.1,145.1,3747.2,2498.8,71572.2,1444.0,79.3,1432.8,2489.0,2951.0,1810.0,39510.2,1011.8,2451.9,3768.4,1020.4,59208.2,9772.6,1053.3,1685.9,1766.4,377.0,1765.5,1094.5,2035.4,1328.3,2280.0,1220.0,3183.2,1460.6,787.0,3015.4,4899.9,223.3,220.0,1535.0,42.6,3103.0,920.3,865.6,1629.8,1859.3,897.4,781.1,31.1,1793.5,2562.8,8496.9,1545.2,1719.7,8186.0,266.8,2824.0,1010.1,3464.0,75.5,1108.0,3447.6,986.3,6015.9,1652.4,361.5,522.8,1268.7,5365.0,5736.4,134.3,60.4,2923.9,3616.7,157.6,2015.7,767.7,1013.4,2447.1,1340.1,3065.5,2901.1,1574.5,45434.2,518.8,684.6,5394.1,588.6,1987.2,722.1,1083.6,992.5,4604.0,3571.3,554.6,3340.1,645.7,70.0,1717.3,1306.7,564.6,4712.3,241.4,418.6,2402.5,1456.6,1712.4,39.1,272.2,1729.8,1175.9,2022.8,Breast
203782,4740.3,1332.1,1748.2,2399.6,1875.3,61775.2,1660.6,16.9,526.1,1686.7,605.1,1710.4,7587.0,1587.7,2597.5,1617.0,1083.9,56014.8,22285.4,1021.1,1705.6,2478.8,967.1,280.9,1019.5,1714.5,1167.9,1279.4,2433.6,1846.2,1917.6,195.6,2501.3,3308.5,488.6,14057.2,1372.9,141.3,2377.0,2233.9,4135.1,4213.0,2269.8,36.3,1113.4,342.6,1252.0,1835.2,16683.9,850.8,729.9,26837.2,254.1,420.1,1303.2,1879.2,105.4,194.2,1252.9,1323.9,180.9,2160.8,336.4,153.5,2114.6,2344.1,6246.1,314.5,1276.6,2201.3,1668.7,352.3,1214.8,753.1,1184.7,3910.0,2694.6,3955.8,2762.3,1112.6,66796.8,3725.4,2433.6,1673.9,846.1,1254.7,3235.5,5140.9,163.1,5033.3,4808.1,268.9,1603.7,924.4,91.9,3732.0,2917.2,1328.6,3063.1,5.0,244.5,8808.5,1706.9,3493.3,1436.8,446.7,1068.0,1750.1,1232.2,Colon
38063,6190.0,1740.4,729.9,497.8,874.4,53645.8,1156.9,32.5,747.8,1333.3,1617.0,2456.8,19036.9,1695.2,3534.3,4017.1,1431.8,42598.4,23078.9,1292.6,1402.6,1878.9,637.1,1222.7,528.5,1545.4,1060.4,2275.9,903.2,2535.0,701.6,336.1,2892.8,6438.7,279.5,659.0,1407.5,2.8,1697.2,1749.9,2412.8,2206.0,3471.5,517.0,1736.2,63.5,2643.7,2604.1,16442.9,1229.4,1852.8,12699.9,100.1,1016.9,1128.8,3075.7,2.7,154.5,1546.1,765.4,2144.8,2496.3,169.6,502.1,1321.6,2122.4,9886.2,86.2,91.0,1753.6,1984.2,347.9,1392.8,853.7,568.6,2689.5,3294.2,6825.5,390.4,1260.0,54146.8,2426.1,634.1,895.7,836.8,643.4,2336.5,960.7,114.3,7284.8,9486.0,399.0,3277.9,791.4,208.9,2949.5,1414.0,795.6,6999.2,46.7,207.8,3898.2,1643.9,2991.7,145.2,77.1,923.5,1311.4,3004.8,Breast
203657,7488.1,520.7,508.9,6426.6,2474.3,64048.8,1363.5,8.5,1650.5,969.4,618.8,2389.2,13623.8,1762.9,3659.0,4322.2,1649.1,55988.8,3139.7,1903.3,2459.5,4436.2,1338.7,286.3,709.0,1900.2,1501.9,1845.8,1181.0,4593.3,2899.1,1865.5,3725.5,4692.9,463.8,1365.1,2180.6,15.2,2165.0,2517.8,3316.7,4207.3,3261.4,185.7,1553.2,213.7,1856.2,5256.0,20830.1,1607.6,901.9,24623.6,205.4,555.6,1876.3,2109.7,76.4,581.2,969.3,1062.3,422.3,3938.0,274.3,166.6,2060.4,5166.1,5491.8,31.3,340.5,2069.7,2153.6,118.2,1295.8,697.6,384.8,2737.7,1783.8,8048.7,3448.9,1208.7,36166.8,4166.1,1733.0,1160.6,1526.6,1583.6,1495.3,3057.3,250.4,5885.1,8779.9,1125.1,2620.7,214.9,15.0,2386.8,3030.3,1431.7,3177.3,99.1,1393.3,6480.6,1813.5,2904.9,229.6,107.7,1100.2,1903.2,1148.9,Colon
46962,1943.7,354.5,297.9,910.3,1371.3,32627.4,2209.8,5.7,169.8,976.7,1835.6,1973.5,17487.6,1680.9,3411.0,2124.8,1009.0,25744.3,10302.5,2058.0,1102.0,2627.2,814.1,812.7,1628.0,1735.0,237.5,3209.6,1130.4,2420.9,1228.6,851.6,4285.4,4762.9,831.3,280.7,3049.7,7.6,2238.7,1189.0,2267.7,1803.0,840.6,1181.8,1427.3,31.8,1803.1,8022.5,10134.4,2285.8,643.0,5699.1,214.3,1150.6,1192.7,1740.8,1.4,63.2,696.0,2579.7,7202.6,2659.4,2863.5,1059.0,2122.1,2515.9,7111.6,1853.2,141.7,2474.6,1905.5,398.3,803.2,2388.6,4.3,3074.5,1236.0,4657.0,688.7,1642.7,33483.0,570.0,145.1,1115.7,2659.3,902.1,1619.0,900.0,379.3,7209.1,5912.7,362.5,5325.3,1532.1,15.3,3750.0,508.5,344.4,2614.4,88.2,282.1,2904.3,622.0,1389.8,79.7,85.7,2368.6,1206.8,369.7,Breast
89015,1460.6,445.2,159.3,813.5,1474.3,104463.7,2405.4,10.2,8.8,2117.6,2140.2,1728.9,17803.5,1754.9,1838.0,2215.9,1276.6,77974.3,6566.5,1800.3,837.9,2292.7,685.5,741.4,1372.7,1290.0,255.3,2969.2,982.3,1476.9,4295.0,862.5,2445.6,3740.2,631.8,227.6,4017.5,36.1,2126.8,1811.5,1250.8,1447.1,757.6,1132.5,807.9,476.0,1738.2,1905.2,24477.7,2819.6,552.8,7241.7,203.0,718.1,1210.5,1545.4,54.9,281.9,3394.2,2303.2,3118.7,2363.1,1612.8,917.8,3077.8,6787.0,7529.3,2946.3,16.3,1795.8,1150.3,162.5,2258.5,1269.8,263.7,5340.3,744.6,4413.3,2450.9,762.4,60219.8,982.7,104.5,3627.9,999.9,2717.4,1302.1,1187.8,316.9,3977.0,5286.2,474.9,3244.2,1657.3,71.4,3116.0,559.7,777.4,4233.8,18.6,488.2,1807.0,860.9,1100.0,174.8,85.6,1263.7,818.2,812.5,Breast
152711,1451.1,1084.4,849.9,1564.4,679.8,79506.9,1682.3,8.7,72.8,3954.0,904.2,1430.1,34073.1,1294.4,3450.2,1599.8,1801.6,56049.5,22091.5,1437.1,1377.2,3183.0,953.1,982.6,1634.0,1016.6,299.0,3005.1,680.6,2113.8,2243.0,460.7,3331.5,3169.0,2502.1,157.7,1615.5,8.7,1401.0,2043.7,1427.3,2161.1,1050.2,1980.1,1823.0,223.6,2053.3,2410.8,11045.3,1031.5,782.3,7549.3,301.6,1334.1,958.4,1714.2,2.6,101.8,2790.3,3223.6,7749.3,3237.8,472.5,335.8,2442.4,2489.7,14467.9,121.0,269.6,2059.5,1299.9,267.7,1530.8,1407.2,1503.6,3182.7,1466.5,3437.0,636.8,1276.8,66312.0,1681.1,82.9,1652.0,2270.3,1216.1,1173.0,1929.7,347.3,5480.7,14968.1,940.0,2403.5,2747.9,120.6,4612.8,454.6,254.7,3106.4,1334.0,1127.7,1282.9,2148.2,1673.2,184.1,105.7,1642.7,982.4,2921.9,Breast
102580,4171.6,1012.3,565.9,11448.6,1546.0,86938.2,1604.2,6.7,448.9,2884.0,1874.9,4345.1,13781.6,1902.4,2614.2,3805.6,1098.7,63428.9,18036.5,1387.8,1826.1,2324.7,1135.4,1363.6,1291.8,2281.6,685.1,2769.3,1248.9,1952.9,1952.4,667.2,2061.4,3815.5,207.6,410.7,3394.9,49.9,1936.4,1706.6,750.1,1556.3,982.0,2624.2,1092.7,379.9,2619.4,3023.9,10429.8,1495.1,2117.8,15382.9,523.7,3832.7,1497.9,1921.0,6.9,319.7,1861.1,1879.1,10127.5,2300.7,625.1,372.5,554.2,5295.2,7526.9,766.4,40.2,2041.8,1584.8,217.8,2059.5,1016.3,617.1,2898.7,2858.1,4572.8,2874.6,859.4,50307.9,963.5,232.5,1617.8,1320.4,1913.1,1558.1,1240.2,677.8,4680.4,6759.3,933.8,2037.6,1224.0,192.2,2421.8,813.2,440.0,3078.7,47.9,1073.5,3829.0,1938.4,2096.6,26.2,293.0,809.5,1309.0,975.3,Breast
76615,3277.6,974.0,576.8,647.7,1517.2,80347.6,2667.6,11.7,138.3,755.5,1415.0,4969.1,6731.2,1637.6,4479.4,3520.6,5705.1,57029.4,16268.1,1102.3,3085.3,590.5,1168.5,965.7,1405.5,3170.5,314.3,4739.4,191.0,1913.5,6265.8,524.1,3748.2,4038.6,728.9,680.8,3059.2,36.1,1407.2,3214.4,66.3,2082.5,2088.0,683.8,987.0,105.2,3650.3,3638.0,19375.6,2948.8,2243.8,9969.8,194.2,1452.2,2052.8,1182.6,61.6,167.8,919.8,2440.2,1332.4,2514.0,285.1,586.4,710.1,3775.5,12698.4,334.3,88.9,1159.5,1840.6,501.9,633.7,1263.9,1090.0,2798.6,1213.3,5257.4,1906.6,858.5,20937.5,1268.7,297.9,2077.7,2224.0,2231.3,1275.8,956.9,103.1,1132.2,5920.6,588.2,2321.0,564.6,20.1,2318.4,975.8,259.6,2602.7,126.2,336.5,3018.3,989.4,1839.0,4283.6,355.5,820.7,1071.5,626.8,Colon
137994,757.4,551.7,454.5,518.9,2420.7,98852.4,1174.2,201.8,206.6,1789.1,2316.1,1860.6,14183.5,2273.5,2793.4,1889.5,1689.7,69375.6,12923.9,990.6,2364.4,2593.6,907.2,748.0,1477.7,2399.4,1433.5,3783.1,734.0,1180.3,3282.6,1077.9,4299.9,5298.1,1186.0,98.4,2375.7,37.8,2736.5,1505.8,1504.1,1305.6,845.2,2085.6,627.6,55.4,2033.9,2998.4,13977.5,1886.8,515.9,10515.9,250.4,1812.4,1318.6,1367.9,12.1,73.5,2406.8,1490.1,2299.0,2798.6,920.0,693.3,1443.3,4427.3,7875.0,1214.4,34.4,4435.1,569.1,169.2,2924.0,1194.7,158.0,3662.5,1823.6,5774.5,2217.0,815.0,34283.2,1199.2,1742.5,3637.9,1147.1,1962.6,1963.5,1297.0,298.9,2244.6,13747.2,468.1,1895.0,685.0,16440.8,3344.1,449.9,443.1,3452.9,17.1,473.8,1630.2,1337.1,1613.8,98.8,54.1,980.4,845.6,746.1,Breast
152720,4806.1,1045.3,767.5,2649.0,2121.3,97235.4,1479.3,13.8,608.8,1019.0,435.2,2444.7,11027.4,1398.7,4733.0,2615.8,2293.5,79930.2,13636.2,1279.2,3028.3,1750.2,794.6,248.3,748.6,1550.0,626.6,1862.4,1086.7,2920.7,3286.0,83.3,2245.3,6148.0,652.6,5394.2,1772.5,429.5,1900.3,1473.1,867.3,5720.7,1422.1,281.6,1691.3,349.2,2027.7,1765.3,18081.4,2805.9,1458.2,25069.7,464.9,775.4,2140.6,2211.1,18.6,212.4,1267.5,1414.5,781.5,3139.8,588.8,228.8,1662.0,3458.6,5198.3,184.0,997.9,1808.2,3036.8,269.8,812.1,704.4,1008.1,3351.0,8689.5,4781.2,2797.4,802.2,42242.2,3571.9,2304.2,3502.9,426.1,1478.2,939.8,4407.0,221.0,7029.8,3781.7,311.3,2188.4,858.2,76.5,3817.9,2067.5,831.4,4118.3,149.4,316.6,3556.1,1724.1,2056.2,178.8,157.0,578.3,2302.6,1944.6,Colon
152571,1016.3,253.5,357.8,2144.6,1205.3,106258.1,1606.3,7.8,275.6,2337.4,2083.9,1291.8,9718.7,1952.4,3963.5,2808.3,2573.7,90819.3,13357.7,1146.1,1370.3,1388.1,445.1,1516.0,1385.7,1651.7,69.6,4131.9,819.2,1773.7,2973.2,890.9,2109.7,3983.8,1492.9,191.7,3354.1,104.1,1369.0,1757.5,480.7,2151.7,1025.7,1835.9,573.3,386.5,2136.5,2202.7,8959.8,2007.3,447.4,6612.0,257.3,1137.2,1908.2,1238.7,32.1,473.9,1289.7,2535.0,2954.5,2641.8,1376.7,889.6,1844.1,4743.7,6008.8,2114.0,94.0,834.3,1598.8,300.1,3757.7,1114.5,18.2,3013.9,865.8,4723.0,618.1,1098.8,30606.8,465.2,337.4,2002.6,1161.5,2379.0,1259.8,716.4,318.3,1978.9,5416.4,1143.9,2437.4,1275.8,5.1,3228.6,235.2,766.9,1977.7,76.5,1702.3,1070.3,1095.3,2275.6,266.3,151.9,1004.0,1179.6,968.4,Breast
88988,4941.1,557.9,378.8,4455.6,1355.4,73597.0,2564.4,40.4,819.1,1119.0,837.4,3468.3,11743.1,2289.0,1618.0,1736.5,1428.7,48583.4,16222.2,1296.8,1527.8,4151.9,862.1,1839.0,1572.4,1471.1,450.9,2682.0,836.8,2222.5,2378.2,556.0,2989.9,4941.7,699.9,169.3,2685.0,144.5,2876.3,1410.6,969.7,1289.9,1519.6,978.3,981.6,7836.0,1943.4,2888.7,14388.6,2292.1,1235.5,16326.4,333.4,1170.8,1184.8,1993.1,60.2,255.6,1525.2,2082.3,3319.2,2735.4,760.4,995.4,1416.2,6374.0,6465.9,980.3,62.9,2206.6,1248.6,517.8,885.3,955.2,13.3,2717.6,1600.6,2705.4,352.8,690.2,36542.5,1092.8,988.3,3629.7,2180.9,2531.9,1221.4,1359.3,413.3,4791.2,9555.4,1120.4,2769.9,417.2,56.4,3242.8,809.7,904.3,4090.8,104.7,1854.0,3407.7,1541.9,1634.0,90.4,406.3,881.8,1165.4,664.4,Breast
203743,7919.3,761.7,754.7,3222.2,1056.1,85129.5,1673.8,13.1,1797.9,1901.7,701.7,2921.1,8717.1,1921.0,2715.8,3511.9,2423.3,72517.1,6939.6,1402.4,1647.1,2530.1,1435.7,731.5,1424.7,1170.1,1152.3,1952.0,1165.7,2536.0,2195.6,269.6,2906.4,4980.3,768.4,3616.4,2244.4,23.6,2856.0,3227.8,2804.8,3407.4,2645.8,375.9,1268.4,409.5,2460.6,3403.2,20405.4,1512.9,1828.0,28097.5,512.4,1140.7,1157.4,2260.6,86.2,736.2,1098.5,1046.8,1362.0,2335.8,272.7,394.7,1664.2,6134.4,7265.6,142.2,620.1,1954.5,1718.3,178.2,869.8,1017.3,1225.8,3342.2,1436.1,6209.6,2692.8,1089.7,44479.2,1671.0,2103.7,1190.5,1944.3,2755.8,2161.0,3759.4,429.3,4843.9,5347.8,747.5,3544.2,347.2,24.0,3910.9,1350.6,1495.1,3220.0,109.0,595.4,5171.3,1605.1,2270.2,271.0,157.6,584.3,1196.9,1201.7,Colon
88965,1974.9,570.7,2306.6,960.2,1090.3,156890.7,806.9,11.4,311.1,2595.0,3365.0,453.8,26275.8,1280.0,4637.0,3832.1,2936.9,68522.2,14998.8,901.5,1777.2,2831.2,668.7,409.8,2542.7,1828.5,678.6,4086.6,1504.3,1320.8,2796.8,661.7,4171.6,1757.6,399.1,139.6,1497.2,37.1,499.6,354.5,542.3,1064.4,414.4,2283.7,485.9,19.7,1645.3,3452.9,1589.8,1671.3,2975.8,2416.7,442.9,2408.4,2497.3,1452.6,105.8,149.6,1782.8,1381.8,3269.9,3262.4,13773.7,634.5,1429.5,548.7,1041.0,696.2,52.8,1920.0,1626.4,929.6,2476.4,953.5,481.8,6761.0,4777.7,2652.2,1174.8,568.8,46632.0,2600.5,810.9,3595.6,1191.1,1356.1,2377.7,2081.3,154.5,1449.3,13637.7,546.0,2963.8,1360.2,3.1,2565.2,929.5,102.3,2483.0,169.8,547.4,2974.3,835.1,549.0,17.1,72.3,643.8,459.0,866.9,Colon
